date,from.name,senti_comp,period,CountryCode,C1_School.closing,C2_Workplace.closing,C3_Cancel.public.events,C4_Restrictions.on.gatherings,C5_Close.public.transport,C6_Stay.at.home.requirements,C7_Restrictions.on.internal.movement,C8_International.travel.controls,E1_Income.support,E2_Debt.contract.relief,E3_Fiscal.measures,E4_International.support,H1_Public.information.campaigns,H2_Testing.policy,H3_Contact.tracing,H4_Emergency.investment.in.healthcare,H5_Investment.in.vaccines,H6_Facial.Coverings,H7_Vaccination.policy,M1_Wildcard,StringencyIndexForDisplay,StringencyLegacyIndex,StringencyLegacyIndexForDisplay,GovernmentResponseIndex,GovernmentResponseIndexForDisplay,ContainmentHealthIndex,ContainmentHealthIndexForDisplay,EconomicSupportIndex,EconomicSupportIndexForDisplay,newcases,new_deaths,positive_rate,Economic.growth.quarterly,posneg,pos_senti,neg_senti,phase,cuts,dat,days,senti,senti_lag,senti_lag2,senti_lag3,senti_lag4,senti_lag5,new_deaths_lag,pos_rate_lag
1/11/2019,0,0.144786842,0,0,0,0,0,0,0,0,0,0,0,0,0,0,0,0,0,0,0,0,0,0,0,0,0,0,0,0,0,0,0,0,0,0,0.15,pos,0.144786842,0,PrCB,0,18201,0,0.144786842,0,0,0,0,0,0,0
2/11/2019,0,0.188410753,0,0,0,0,0,0,0,0,0,0,0,0,0,0,0,0,0,0,0,0,0,0,0,0,0,0,0,0,0,0,0,0,0,0,0.15,pos,0.188410753,0,PrCB,0,18202,1,0.188410753,0.144786842,0,0,0,0,0,0
3/11/2019,0,0.275162679,0,0,0,0,0,0,0,0,0,0,0,0,0,0,0,0,0,0,0,0,0,0,0,0,0,0,0,0,0,0,0,0,0,0,0.15,pos,0.275162679,0,PrCB,0,18203,2,0.275162679,0.188410753,0.144786842,0,0,0,0,0
4/11/2019,0,0.183807534,0,0,0,0,0,0,0,0,0,0,0,0,0,0,0,0,0,0,0,0,0,0,0,0,0,0,0,0,0,0,0,0,0,0,0.15,pos,0.183807534,0,PrCB,0,18204,3,0.183807534,0.275162679,0.188410753,0.144786842,0,0,0,0
5/11/2019,0,0.046963425,0,0,0,0,0,0,0,0,0,0,0,0,0,0,0,0,0,0,0,0,0,0,0,0,0,0,0,0,0,0,0,0,0,0,0.15,pos,0.046963425,0,PrCB,0,18205,4,0.063751094,0.183807534,0.275162679,0.188410753,0.144786842,0,0,0
6/11/2019,0,0.203784364,0,0,0,0,0,0,0,0,0,0,0,0,0,0,0,0,0,0,0,0,0,0,0,0,0,0,0,0,0,0,0,0,0,0,0.15,pos,0.203784364,0,PrCB,0,18206,5,0.203784364,0.046963425,0.183807534,0.275162679,0.188410753,0.144786842,0,0
7/11/2019,0,0.047549091,0,0,0,0,0,0,0,0,0,0,0,0,0,0,0,0,0,0,0,0,0,0,0,0,0,0,0,0,0,0,0,0,0,0,0.15,pos,0.047549091,0,PrCB,0,18207,6,0.063751094,0.203784364,0.046963425,0.183807534,0.275162679,0.188410753,0,0
8/11/2019,0,0.066853917,0,0,0,0,0,0,0,0,0,0,0,0,0,0,0,0,0,0,0,0,0,0,0,0,0,0,0,0,0,0,0,0,0,0,0.15,pos,0.066853917,0,PrCB,0,18208,7,0.066853917,0.047549091,0.203784364,0.046963425,0.183807534,0.275162679,0,0
9/11/2019,0,0.111306161,0,0,0,0,0,0,0,0,0,0,0,0,0,0,0,0,0,0,0,0,0,0,0,0,0,0,0,0,0,0,0,0,0,0,0.15,pos,0.111306161,0,PrCB,0,18209,8,0.111306161,0.066853917,0.047549091,0.203784364,0.046963425,0.183807534,0,0
10/11/2019,0,0.08062616,0,0,0,0,0,0,0,0,0,0,0,0,0,0,0,0,0,0,0,0,0,0,0,0,0,0,0,0,0,0,0,0,0,0,0.15,pos,0.08062616,0,PrCB,0,18210,9,0.08062616,0.111306161,0.066853917,0.047549091,0.203784364,0.046963425,0,0
11/11/2019,0,-0.097500909,0,0,0,0,0,0,0,0,0,0,0,0,0,0,0,0,0,0,0,0,0,0,0,0,0,0,0,0,0,0,0,0,0,0,0.15,neg,0,-0.097500909,PrCB,0,18211,10,0.063751094,0.08062616,0.111306161,0.066853917,0.047549091,0.203784364,0,0
12/11/2019,0,-0.020445615,0,0,0,0,0,0,0,0,0,0,0,0,0,0,0,0,0,0,0,0,0,0,0,0,0,0,0,0,0,0,0,0,0,0,0.15,neg,0,-0.020445615,PrCB,0,18212,11,0.063751094,-0.097500909,0.08062616,0.111306161,0.066853917,0.047549091,0,0
13/11/2019,0,0.161404713,0,0,0,0,0,0,0,0,0,0,0,0,0,0,0,0,0,0,0,0,0,0,0,0,0,0,0,0,0,0,0,0,0,0,0.15,pos,0.161404713,0,PrCB,0,18213,12,0.161404713,-0.020445615,-0.097500909,0.08062616,0.111306161,0.066853917,0,0
14/11/2019,0,0.184063496,0,0,0,0,0,0,0,0,0,0,0,0,0,0,0,0,0,0,0,0,0,0,0,0,0,0,0,0,0,0,0,0,0,0,0.15,pos,0.184063496,0,PrCB,0,18214,13,0.184063496,0.161404713,-0.020445615,-0.097500909,0.08062616,0.111306161,0,0
15/11/2019,0,0.103223692,0,0,0,0,0,0,0,0,0,0,0,0,0,0,0,0,0,0,0,0,0,0,0,0,0,0,0,0,0,0,0,0,0,0,0.15,pos,0.103223692,0,PrCB,0,18215,14,0.103223692,0.184063496,0.161404713,-0.020445615,-0.097500909,0.08062616,0,0
16/11/2019,0,0.093396296,0,0,0,0,0,0,0,0,0,0,0,0,0,0,0,0,0,0,0,0,0,0,0,0,0,0,0,0,0,0,0,0,0,0,0.15,pos,0.093396296,0,PrCB,0,18216,15,0.093396296,0.103223692,0.184063496,0.161404713,-0.020445615,-0.097500909,0,0
17/11/2019,0,0.035731014,0,0,0,0,0,0,0,0,0,0,0,0,0,0,0,0,0,0,0,0,0,0,0,0,0,0,0,0,0,0,0,0,0,0,0.15,pos,0.035731014,0,PrCB,0,18217,16,0.063751094,0.093396296,0.103223692,0.184063496,0.161404713,-0.020445615,0,0
18/11/2019,0,0.106704021,0,0,0,0,0,0,0,0,0,0,0,0,0,0,0,0,0,0,0,0,0,0,0,0,0,0,0,0,0,0,0,0,0,0,0.15,pos,0.106704021,0,PrCB,0,18218,17,0.106704021,0.035731014,0.093396296,0.103223692,0.184063496,0.161404713,0,0
19/11/2019,0,0.085402448,0,0,0,0,0,0,0,0,0,0,0,0,0,0,0,0,0,0,0,0,0,0,0,0,0,0,0,0,0,0,0,0,0,0,0.15,pos,0.085402448,0,PrCB,0,18219,18,0.085402448,0.106704021,0.035731014,0.093396296,0.103223692,0.184063496,0,0
20/11/2019,0,0.091800634,0,0,0,0,0,0,0,0,0,0,0,0,0,0,0,0,0,0,0,0,0,0,0,0,0,0,0,0,0,0,0,0,0,0,0.15,pos,0.091800634,0,PrCB,0,18220,19,0.091800634,0.085402448,0.106704021,0.035731014,0.093396296,0.103223692,0,0
21/11/2019,0,0.055826056,0,0,0,0,0,0,0,0,0,0,0,0,0,0,0,0,0,0,0,0,0,0,0,0,0,0,0,0,0,0,0,0,0,0,0.15,pos,0.055826056,0,PrCB,0,18221,20,0.063751094,0.091800634,0.085402448,0.106704021,0.035731014,0.093396296,0,0
22/11/2019,0,0.152242952,0,0,0,0,0,0,0,0,0,0,0,0,0,0,0,0,0,0,0,0,0,0,0,0,0,0,0,0,0,0,0,0,0,0,0.15,pos,0.152242952,0,PrCB,0,18222,21,0.152242952,0.055826056,0.091800634,0.085402448,0.106704021,0.035731014,0,0
23/11/2019,0,0.183500778,0,0,0,0,0,0,0,0,0,0,0,0,0,0,0,0,0,0,0,0,0,0,0,0,0,0,0,0,0,0,0,0,0,0,0.15,pos,0.183500778,0,PrCB,0,18223,22,0.183500778,0.152242952,0.055826056,0.091800634,0.085402448,0.106704021,0,0
24/11/2019,0,0.302458759,0,0,0,0,0,0,0,0,0,0,0,0,0,0,0,0,0,0,0,0,0,0,0,0,0,0,0,0,0,0,0,0,0,0,0.15,pos,0.302458759,0,PrCB,0,18224,23,0.302458759,0.183500778,0.152242952,0.055826056,0.091800634,0.085402448,0,0
25/11/2019,0,0.198663756,0,0,0,0,0,0,0,0,0,0,0,0,0,0,0,0,0,0,0,0,0,0,0,0,0,0,0,0,0,0,0,0,0,0,0.15,pos,0.198663756,0,PrCB,0,18225,24,0.198663756,0.302458759,0.183500778,0.152242952,0.055826056,0.091800634,0,0
26/11/2019,0,0.097132323,0,0,0,0,0,0,0,0,0,0,0,0,0,0,0,0,0,0,0,0,0,0,0,0,0,0,0,0,0,0,0,0,0,0,0.15,pos,0.097132323,0,PrCB,0,18226,25,0.097132323,0.198663756,0.302458759,0.183500778,0.152242952,0.055826056,0,0
27/11/2019,0,0.168059391,0,0,0,0,0,0,0,0,0,0,0,0,0,0,0,0,0,0,0,0,0,0,0,0,0,0,0,0,0,0,0,0,0,0,0.15,pos,0.168059391,0,PrCB,0,18227,26,0.168059391,0.097132323,0.198663756,0.302458759,0.183500778,0.152242952,0,0
28/11/2019,0,0.169598494,0,0,0,0,0,0,0,0,0,0,0,0,0,0,0,0,0,0,0,0,0,0,0,0,0,0,0,0,0,0,0,0,0,0,0.15,pos,0.169598494,0,PrCB,0,18228,27,0.169598494,0.168059391,0.097132323,0.198663756,0.302458759,0.183500778,0,0
29/11/2019,0,0.137869969,0,0,0,0,0,0,0,0,0,0,0,0,0,0,0,0,0,0,0,0,0,0,0,0,0,0,0,0,0,0,0,0,0,0,0.15,pos,0.137869969,0,PrCB,0,18229,28,0.137869969,0.169598494,0.168059391,0.097132323,0.198663756,0.302458759,0,0
30/11/2019,0,0.152765,0,0,0,0,0,0,0,0,0,0,0,0,0,0,0,0,0,0,0,0,0,0,0,0,0,0,0,0,0,0,0,0,0,0,0.15,pos,0.152765,0,PrCB,0,18230,29,0.152765,0.137869969,0.169598494,0.168059391,0.097132323,0.198663756,0,0
1/12/2019,0,0.181151466,0,0,0,0,0,0,0,0,0,0,0,0,0,0,0,0,0,0,0,0,0,0,0,0,0,0,0,0,0,0,0,0,0,0,0.05,pos,0.181151466,0,PrCB,0,18231,30,0.181151466,0.152765,0.137869969,0.169598494,0.168059391,0.097132323,0,0
2/12/2019,0,0.262314455,0,0,0,0,0,0,0,0,0,0,0,0,0,0,0,0,0,0,0,0,0,0,0,0,0,0,0,0,0,0,0,0,0,0,0.05,pos,0.262314455,0,PrCB,0,18232,31,0.262314455,0.181151466,0.152765,0.137869969,0.169598494,0.168059391,0,0
3/12/2019,0,0.233031398,0,0,0,0,0,0,0,0,0,0,0,0,0,0,0,0,0,0,0,0,0,0,0,0,0,0,0,0,0,0,0,0,0,0,0.05,pos,0.233031398,0,PrCB,0,18233,32,0.233031398,0.262314455,0.181151466,0.152765,0.137869969,0.169598494,0,0
4/12/2019,0,0.07500939,0,0,0,0,0,0,0,0,0,0,0,0,0,0,0,0,0,0,0,0,0,0,0,0,0,0,0,0,0,0,0,0,0,0,0.05,pos,0.07500939,0,PrCB,0,18234,33,0.07500939,0.233031398,0.262314455,0.181151466,0.152765,0.137869969,0,0
5/12/2019,0,0.049624972,0,0,0,0,0,0,0,0,0,0,0,0,0,0,0,0,0,0,0,0,0,0,0,0,0,0,0,0,0,0,0,0,0,0,0.05,pos,0.049624972,0,PrCB,0,18235,34,0.063751094,0.07500939,0.233031398,0.262314455,0.181151466,0.152765,0,0
6/12/2019,0,0.215421936,0,0,0,0,0,0,0,0,0,0,0,0,0,0,0,0,0,0,0,0,0,0,0,0,0,0,0,0,0,0,0,0,0,0,0.05,pos,0.215421936,0,PrCB,0,18236,35,0.215421936,0.049624972,0.07500939,0.233031398,0.262314455,0.181151466,0,0
7/12/2019,0,0.223095556,0,0,0,0,0,0,0,0,0,0,0,0,0,0,0,0,0,0,0,0,0,0,0,0,0,0,0,0,0,0,0,0,0,0,0.05,pos,0.223095556,0,PrCB,0,18237,36,0.223095556,0.215421936,0.049624972,0.07500939,0.233031398,0.262314455,0,0
8/12/2019,0,0.352052,0,0,0,0,0,0,0,0,0,0,0,0,0,0,0,0,0,0,0,0,0,0,0,0,0,0,0,0,0,0,0,0,0,0,0.05,pos,0.352052,0,PrCB,0,18238,37,0.352052,0.223095556,0.215421936,0.049624972,0.07500939,0.233031398,0,0
9/12/2019,0,0.172973885,0,0,0,0,0,0,0,0,0,0,0,0,0,0,0,0,0,0,0,0,0,0,0,0,0,0,0,0,0,0,0,0,0,0,0.05,pos,0.172973885,0,PrCB,0,18239,38,0.172973885,0.352052,0.223095556,0.215421936,0.049624972,0.07500939,0,0
10/12/2019,0,0.431462637,0,0,0,0,0,0,0,0,0,0,0,0,0,0,0,0,0,0,0,0,0,0,0,0,0,0,0,0,0,0,0,0,0,0,0.05,pos,0.431462637,0,PrCB,0,18240,39,0.431462637,0.172973885,0.352052,0.223095556,0.215421936,0.049624972,0,0
11/12/2019,0,0.192752263,0,0,0,0,0,0,0,0,0,0,0,0,0,0,0,0,0,0,0,0,0,0,0,0,0,0,0,0,0,0,0,0,0,0,0.05,pos,0.192752263,0,PrCB,0,18241,40,0.192752263,0.431462637,0.172973885,0.352052,0.223095556,0.215421936,0,0
12/12/2019,0,0.208147769,0,0,0,0,0,0,0,0,0,0,0,0,0,0,0,0,0,0,0,0,0,0,0,0,0,0,0,0,0,0,0,0,0,0,0.05,pos,0.208147769,0,PrCB,0,18242,41,0.208147769,0.192752263,0.431462637,0.172973885,0.352052,0.223095556,0,0
13/12/2019,0,0.138503758,0,0,0,0,0,0,0,0,0,0,0,0,0,0,0,0,0,0,0,0,0,0,0,0,0,0,0,0,0,0,0,0,0,0,0.05,pos,0.138503758,0,PrCB,0,18243,42,0.138503758,0.208147769,0.192752263,0.431462637,0.172973885,0.352052,0,0
14/12/2019,0,0.262697992,0,0,0,0,0,0,0,0,0,0,0,0,0,0,0,0,0,0,0,0,0,0,0,0,0,0,0,0,0,0,0,0,0,0,0.05,pos,0.262697992,0,PrCB,0,18244,43,0.262697992,0.138503758,0.208147769,0.192752263,0.431462637,0.172973885,0,0
15/12/2019,0,0.115682447,0,0,0,0,0,0,0,0,0,0,0,0,0,0,0,0,0,0,0,0,0,0,0,0,0,0,0,0,0,0,0,0,0,0,0.05,pos,0.115682447,0,PrCB,0,18245,44,0.115682447,0.262697992,0.138503758,0.208147769,0.192752263,0.431462637,0,0
16/12/2019,0,0.046313793,0,0,0,0,0,0,0,0,0,0,0,0,0,0,0,0,0,0,0,0,0,0,0,0,0,0,0,0,0,0,0,0,0,0,0.05,pos,0.046313793,0,PrCB,0,18246,45,0.063751094,0.115682447,0.262697992,0.138503758,0.208147769,0.192752263,0,0
17/12/2019,0,0.021288608,0,0,0,0,0,0,0,0,0,0,0,0,0,0,0,0,0,0,0,0,0,0,0,0,0,0,0,0,0,0,0,0,0,0,0.05,pos,0.021288608,0,PrCB,0,18247,46,0.063751094,0.046313793,0.115682447,0.262697992,0.138503758,0.208147769,0,0
18/12/2019,0,0.061652577,0,0,0,0,0,0,0,0,0,0,0,0,0,0,0,0,0,0,0,0,0,0,0,0,0,0,0,0,0,0,0,0,0,0,0.05,pos,0.061652577,0,PrCB,0,18248,47,0.063751094,0.021288608,0.046313793,0.115682447,0.262697992,0.138503758,0,0
19/12/2019,0,0.179357143,0,0,0,0,0,0,0,0,0,0,0,0,0,0,0,0,0,0,0,0,0,0,0,0,0,0,0,0,0,0,0,0,0,0,0.05,pos,0.179357143,0,PrCB,0,18249,48,0.179357143,0.061652577,0.021288608,0.046313793,0.115682447,0.262697992,0,0
20/12/2019,0,0.278362676,0,0,0,0,0,0,0,0,0,0,0,0,0,0,0,0,0,0,0,0,0,0,0,0,0,0,0,0,0,0,0,0,0,0,0.05,pos,0.278362676,0,PrCB,0,18250,49,0.278362676,0.179357143,0.061652577,0.021288608,0.046313793,0.115682447,0,0
21/12/2019,0,0.139087637,0,0,0,0,0,0,0,0,0,0,0,0,0,0,0,0,0,0,0,0,0,0,0,0,0,0,0,0,0,0,0,0,0,0,0.05,pos,0.139087637,0,PrCB,0,18251,50,0.139087637,0.278362676,0.179357143,0.061652577,0.021288608,0.046313793,0,0
22/12/2019,0,0.133920661,0,0,0,0,0,0,0,0,0,0,0,0,0,0,0,0,0,0,0,0,0,0,0,0,0,0,0,0,0,0,0,0,0,0,0.05,pos,0.133920661,0,PrCB,0,18252,51,0.133920661,0.139087637,0.278362676,0.179357143,0.061652577,0.021288608,0,0
23/12/2019,0,0.177659664,0,0,0,0,0,0,0,0,0,0,0,0,0,0,0,0,0,0,0,0,0,0,0,0,0,0,0,0,0,0,0,0,0,0,0.05,pos,0.177659664,0,PrCB,0,18253,52,0.177659664,0.133920661,0.139087637,0.278362676,0.179357143,0.061652577,0,0
24/12/2019,0,0.249269,0,0,0,0,0,0,0,0,0,0,0,0,0,0,0,0,0,0,0,0,0,0,0,0,0,0,0,0,0,0,0,0,0,0,0.05,pos,0.249269,0,PrCB,0,18254,53,0.249269,0.177659664,0.133920661,0.139087637,0.278362676,0.179357143,0,0
25/12/2019,0,0.508695518,0,0,0,0,0,0,0,0,0,0,0,0,0,0,0,0,0,0,0,0,0,0,0,0,0,0,0,0,0,0,0,0,0,0,0.05,pos,0.508695518,0,PrCB,0,18255,54,0.507455228,0.249269,0.177659664,0.133920661,0.139087637,0.278362676,0,0
26/12/2019,0,0.32943055,0,0,0,0,0,0,0,0,0,0,0,0,0,0,0,0,0,0,0,0,0,0,0,0,0,0,0,0,0,0,0,0,0,0,0.05,pos,0.32943055,0,PrCB,0,18256,55,0.32943055,0.508695518,0.249269,0.177659664,0.133920661,0.139087637,0,0
27/12/2019,0,0.171418881,0,0,0,0,0,0,0,0,0,0,0,0,0,0,0,0,0,0,0,0,0,0,0,0,0,0,0,0,0,0,0,0,0,0,0.05,pos,0.171418881,0,PrCB,0,18257,56,0.171418881,0.32943055,0.508695518,0.249269,0.177659664,0.133920661,0,0
28/12/2019,0,0.116148454,0,0,0,0,0,0,0,0,0,0,0,0,0,0,0,0,0,0,0,0,0,0,0,0,0,0,0,0,0,0,0,0,0,0,0.05,pos,0.116148454,0,PrCB,0,18258,57,0.116148454,0.171418881,0.32943055,0.508695518,0.249269,0.177659664,0,0
29/12/2019,0,0.03751871,0,0,0,0,0,0,0,0,0,0,0,0,0,0,0,0,0,0,0,0,0,0,0,0,0,0,0,0,0,0,0,0,0,0,0.05,pos,0.03751871,0,PrCB,0,18259,58,0.063751094,0.116148454,0.171418881,0.32943055,0.508695518,0.249269,0,0
30/12/2019,0,0.016500197,0,0,0,0,0,0,0,0,0,0,0,0,0,0,0,0,0,0,0,0,0,0,0,0,0,0,0,0,0,0,0,0,0,0,0.05,pos,0.016500197,0,PrCB,0,18260,59,0.063751094,0.03751871,0.116148454,0.171418881,0.32943055,0.508695518,0,0
31/12/2019,0,0.358455539,0,0,0,0,0,0,0,0,0,0,0,0,0,0,0,0,0,0,0,0,0,0,0,0,0,0,0,0,0,0,0,0,0,0,0.05,pos,0.358455539,0,PrCB,0,18261,60,0.358455539,0.016500197,0.03751871,0.116148454,0.171418881,0.32943055,0,0
1/1/2020,0,0.356785551,0,0,0,0,0,2,0,0,0,0,0,0,0,0,0,0,0,0,0,0,0,0,5.56,8.57,8.57,3.33,3.33,3.85,3.85,0,0,0,0,0,0.05,pos,0.356785551,0,PrCB,0,18262,61,0.356785551,0.358455539,0.016500197,0.03751871,0.116148454,0.171418881,0,0
2/1/2020,0,0.246641441,0,0,0,0,0,2,0,0,0,1,0,0,0,0,2,1,0,0,0,0,0,0,19.44,26.43,26.43,13.89,13.89,16.03,16.03,0,0,0,0,0,0.05,pos,0.246641441,0,PrCB,0,18263,62,0.246641441,0.356785551,0.358455539,0.016500197,0.03751871,0.116148454,0,0
3/1/2020,0,0.444433453,0,0,0,0,0,2,0,0,0,1,0,0,0,0,2,1,0,0,0,0,0,0,19.44,26.43,26.43,13.89,13.89,16.03,16.03,0,0,0,0,0,0.05,pos,0.444433453,0,PrCB,0,18264,63,0.444433453,0.246641441,0.356785551,0.358455539,0.016500197,0.03751871,0,0
4/1/2020,0,0.381036364,0,0,0,0,0,2,0,0,0,1,0,0,0,0,2,1,0,0,0,0,0,0,19.44,26.43,26.43,13.89,13.89,16.03,16.03,0,0,0,0,0,0.05,pos,0.381036364,0,PrCB,0,18265,64,0.381036364,0.444433453,0.246641441,0.356785551,0.358455539,0.016500197,0,0
5/1/2020,0,0.395232468,0,0,0,0,0,2,0,0,0,1,0,0,0,0,2,1,0,0,0,0,0,0,19.44,26.43,26.43,13.89,13.89,16.03,16.03,0,0,0,0,0,0.05,pos,0.395232468,0,PrCB,0,18266,65,0.395232468,0.381036364,0.444433453,0.246641441,0.356785551,0.358455539,0,0
6/1/2020,0,0.352682857,0,0,0,0,0,2,0,0,0,1,0,0,0,0,2,1,0,0,0,0,0,0,19.44,26.43,26.43,13.89,13.89,16.03,16.03,0,0,0,0,0,0.05,pos,0.352682857,0,PrCB,0,18267,66,0.352682857,0.395232468,0.381036364,0.444433453,0.246641441,0.356785551,0,0
7/1/2020,0,0.578077778,0,0,0,0,0,2,0,0,0,1,0,0,0,0,2,1,0,0,0,0,0,0,19.44,26.43,26.43,13.89,13.89,16.03,16.03,0,0,0,0,0,0.05,pos,0.578077778,0,PrCB,0,18268,67,0.507455228,0.352682857,0.395232468,0.381036364,0.444433453,0.246641441,0,0
8/1/2020,0,0.033218182,0,0,0,0,0,2,0,0,0,1,0,0,0,0,2,1,0,0,0,0,0,0,19.44,26.43,26.43,13.89,13.89,16.03,16.03,0,0,0,0,0,0.05,pos,0.033218182,0,PrCB,0,18269,68,0.063751094,0.578077778,0.352682857,0.395232468,0.381036364,0.444433453,0,0
9/1/2020,0,0.283811441,0,0,0,0,0,2,0,0,0,1,0,0,0,0,2,1,0,0,0,0,0,0,19.44,26.43,26.43,13.89,13.89,16.03,16.03,0,0,0,0,0,0.05,pos,0.283811441,0,PrCB,0,18270,69,0.283811441,0.033218182,0.578077778,0.352682857,0.395232468,0.381036364,0,0
10/1/2020,0,0.36227093,0,0,0,0,0,2,0,0,0,1,0,0,0,0,2,1,0,0,0,0,0,0,19.44,26.43,26.43,13.89,13.89,16.03,16.03,0,0,0,0,0,0.05,pos,0.36227093,0,PrCB,0,18271,70,0.36227093,0.283811441,0.033218182,0.578077778,0.352682857,0.395232468,0,0
11/1/2020,0,0.459037069,0,0,0,0,0,2,0,0,0,1,0,0,0,0,2,1,0,0,0,0,0,0,19.44,26.43,26.43,13.89,13.89,16.03,16.03,0,0,0,0,0,0.05,pos,0.459037069,0,PrCB,0,18272,71,0.459037069,0.36227093,0.283811441,0.033218182,0.578077778,0.352682857,0,0
12/1/2020,0,0.275131035,0,0,0,0,0,2,0,0,0,1,0,0,0,0,2,1,0,0,0,0,0,0,19.44,26.43,26.43,13.89,13.89,16.03,16.03,0,0,0,0,0,0.05,pos,0.275131035,0,PrCB,0,18273,72,0.275131035,0.459037069,0.36227093,0.283811441,0.033218182,0.578077778,0,0
13/1/2020,0,0.535787692,0,0,0,0,0,2,0,0,0,1,0,0,0,0,2,1,0,0,0,0,0,0,19.44,26.43,26.43,13.89,13.89,16.03,16.03,0,0,0,0,0,0.05,pos,0.535787692,0,PrCB,0,18274,73,0.507455228,0.275131035,0.459037069,0.36227093,0.283811441,0.033218182,0,0
14/1/2020,0,0.319011765,0,0,0,0,0,2,0,0,0,1,0,0,0,0,2,1,0,0,0,0,0,0,19.44,26.43,26.43,13.89,13.89,16.03,16.03,0,0,0,0,0,0.05,pos,0.319011765,0,PrCB,0,18275,74,0.319011765,0.535787692,0.275131035,0.459037069,0.36227093,0.283811441,0,0
15/1/2020,0,0.507228125,0,0,0,0,0,2,0,0,0,1,0,0,0,0,2,1,0,0,0,0,0,0,19.44,26.43,26.43,13.89,13.89,16.03,16.03,0,0,0,0,0,0.05,pos,0.507228125,0,PrCB,0,18276,75,0.507228125,0.319011765,0.535787692,0.275131035,0.459037069,0.36227093,0,0
16/1/2020,0,0.494311765,0,0,0,0,0,2,0,0,0,1,0,0,0,0,2,1,0,0,0,0,0,0,19.44,26.43,26.43,13.89,13.89,16.03,16.03,0,0,0,0,0,0.05,pos,0.494311765,0,PrCB,0,18277,76,0.494311765,0.507228125,0.319011765,0.535787692,0.275131035,0.459037069,0,0
17/1/2020,0,0.491891861,0,0,0,0,0,2,0,0,0,1,0,0,0,0,2,1,0,0,0,0,0,0,19.44,26.43,26.43,13.89,13.89,16.03,16.03,0,0,0,0,0,0.05,pos,0.491891861,0,PrCB,0,18278,77,0.491891861,0.494311765,0.507228125,0.319011765,0.535787692,0.275131035,0,0
18/1/2020,0,0.55348,0,0,0,0,0,2,0,0,0,1,0,0,0,0,2,1,0,0,0,0,0,0,19.44,26.43,26.43,13.89,13.89,16.03,16.03,0,0,0,0,0,0.05,pos,0.55348,0,PrCB,0,18279,78,0.507455228,0.491891861,0.494311765,0.507228125,0.319011765,0.535787692,0,0
19/1/2020,0,0.513893056,0,0,0,0,0,2,0,0,0,1,0,0,0,0,2,1,0,0,0,0,0,0,19.44,26.43,26.43,13.89,13.89,16.03,16.03,0,0,0,0,0,0.05,pos,0.513893056,0,PrCB,0,18280,79,0.507455228,0.55348,0.491891861,0.494311765,0.507228125,0.319011765,0,0
20/1/2020,0,0.595487,0,0,0,0,0,2,0,0,0,1,0,0,0,0,2,1,2,0,0,0,0,0,19.44,26.43,26.43,20.56,20.56,23.72,23.72,0,0,0,0,0,0.05,pos,0.595487,0,PrCB,0,18281,80,0.507455228,0.513893056,0.55348,0.491891861,0.494311765,0.507228125,0,0
21/1/2020,0,0.615418557,0,0,0,0,0,2,0,0,0,1,0,0,0,0,2,1,2,0,0,0,0,0,19.44,26.43,26.43,20.56,20.56,23.72,23.72,0,0,0,0,0,0.05,pos,0.615418557,0,PrCB,0,18282,81,0.507455228,0.595487,0.513893056,0.55348,0.491891861,0.494311765,0,0
22/1/2020,0,0.516930986,0,0,0,0,0,2,0,0,0,1,0,0,0,0,2,1,2,0,0,0,0,0,19.44,26.43,26.43,20.56,20.56,23.72,23.72,0,0,0,0,0,0.05,pos,0.516930986,0,PrCB,0,18283,82,0.507455228,0.615418557,0.595487,0.513893056,0.55348,0.491891861,0,0
23/1/2020,0,0.000649832,0,0,0,0,0,2,0,0,0,3,0,0,0,0,2,2,2,0,0,0,0,0,25,33.57,33.57,26.11,26.11,30.13,30.13,0,0,1,0,0,0.05,pos,0.000649832,0,PrCB,0,18284,83,0.063751094,0.516930986,0.615418557,0.595487,0.513893056,0.55348,0,0
24/1/2020,0,0.561384437,0,0,0,0,0,2,0,0,0,3,0,0,0,0,2,2,2,0,0,0,0,0,25,33.57,33.57,26.11,26.11,30.13,30.13,0,0,2,0,0,0.05,pos,0.561384437,0,PrCB,0,18285,84,0.507455228,0.000649832,0.516930986,0.615418557,0.595487,0.513893056,0,0
25/1/2020,0,0.496003158,0,0,0,0,0,2,0,0,0,3,0,0,0,0,2,2,2,0,0,0,0,0,25,33.57,33.57,26.11,26.11,30.13,30.13,0,0,1,0,0,0.05,pos,0.496003158,0,PrCB,0,18286,85,0.496003158,0.561384437,0.000649832,0.516930986,0.615418557,0.595487,0,0
26/1/2020,0,0.497420875,0,0,0,0,0,2,0,0,0,3,0,0,0,0,2,2,2,0,0,0,0,0,25,33.57,33.57,26.11,26.11,30.13,30.13,0,0,0,0,0,0.05,pos,0.497420875,0,PrCB,0,18287,86,0.497420875,0.496003158,0.561384437,0.000649832,0.516930986,0.615418557,0,0
27/1/2020,0,0.306714973,0,0,0,0,0,2,0,0,0,3,0,0,0,0,2,2,2,0,0,0,0,0,25,33.57,33.57,26.11,26.11,30.13,30.13,0,0,1,0,0,0.05,pos,0.306714973,0,PrCB,0,18288,87,0.306714973,0.497420875,0.496003158,0.561384437,0.000649832,0.516930986,0,0
28/1/2020,0,0.183196042,0,0,0,0,0,2,0,0,0,3,0,0,0,0,2,2,2,0,0,0,0,0,25,33.57,33.57,26.11,26.11,30.13,30.13,0,0,2,0,0,0.05,pos,0.183196042,0,PrCB,0,18289,88,0.183196042,0.306714973,0.497420875,0.496003158,0.561384437,0.000649832,0,0
29/1/2020,0,0.269556995,0,0,0,0,0,2,0,0,0,3,0,0,0,0,2,2,2,0,0,0,0,0,25,33.57,33.57,26.11,26.11,30.13,30.13,0,0,3,0,0,0.05,pos,0.269556995,0,PrCB,0,18290,89,0.269556995,0.183196042,0.306714973,0.497420875,0.496003158,0.561384437,0,0
30/1/2020,0,0.224334358,0,0,0,0,0,2,0,0,0,3,0,0,0,0,2,2,2,0,0,0,0,0,25,33.57,33.57,26.11,26.11,30.13,30.13,0,0,3,0,0,0.05,pos,0.224334358,0,PrCB,0,18291,90,0.224334358,0.269556995,0.183196042,0.306714973,0.497420875,0.496003158,0,0
31/1/2020,0,0.420147426,0,0,0,0,0,2,0,0,0,3,0,0,0,0,2,2,2,0,0,0,0,0,25,33.57,33.57,26.11,26.11,30.13,30.13,0,0,3,0,0,0.05,pos,0.420147426,0,PrCB,0,18292,91,0.420147426,0.224334358,0.269556995,0.183196042,0.306714973,0.497420875,0,0
1/2/2020,0,0.410407102,0,0,0,0,0,2,0,0,0,3,0,0,0,0,2,2,2,0,0,0,0,0,25,33.57,33.57,26.11,26.11,30.13,30.13,0,0,2,0,0,0.05,pos,0.410407102,0,PrCB,0,18293,92,0.410407102,0.420147426,0.224334358,0.269556995,0.183196042,0.306714973,0,0
2/2/2020,0,0.384555518,0,0,0,0,0,2,0,0,0,3,0,0,0,0,2,2,2,0,0,0,0,0,25,33.57,33.57,26.11,26.11,30.13,30.13,0,0,0,0,0,0.05,pos,0.384555518,0,PrCB,0,18294,93,0.384555518,0.410407102,0.420147426,0.224334358,0.269556995,0.183196042,0,0
3/2/2020,0,0.340978846,0,0,0,0,0,2,0,0,0,3,0,0,0,0,2,2,2,0,0,0,0,0,25,33.57,33.57,26.11,26.11,30.13,30.13,0,0,0,0,0,0.05,pos,0.340978846,0,PrCB,0,18295,94,0.340978846,0.384555518,0.410407102,0.420147426,0.224334358,0.269556995,0,0
4/2/2020,0,0.158480591,0,0,0,0,0,2,0,0,0,3,0,0,0,0,2,2,2,0,0,0,0,0,25,33.57,33.57,26.11,26.11,30.13,30.13,0,0,6,0,0,0.05,pos,0.158480591,0,PrCB,0,18296,95,0.158480591,0.340978846,0.384555518,0.410407102,0.420147426,0.224334358,0,0
5/2/2020,0,0.129603718,0,0,0,0,0,2,0,0,0,3,0,0,0,0,2,2,2,0,0,0,0,0,25,33.57,33.57,26.11,26.11,30.13,30.13,0,0,4,0,0,0.05,pos,0.129603718,0,PrCB,0,18297,96,0.129603718,0.158480591,0.340978846,0.384555518,0.410407102,0.420147426,0,0
6/2/2020,0,0.178570866,0,0,0,0,0,2,0,0,0,3,0,0,0,0,2,2,2,0,0,0,0,0,25,33.57,33.57,26.11,26.11,30.13,30.13,0,0,2,0,0,0.05,pos,0.178570866,0,PrCB,0,18298,97,0.178570866,0.129603718,0.158480591,0.340978846,0.384555518,0.410407102,0,0
7/2/2020,0,0.078814205,0,0,0,0,1,2,0,0,0,3,0,0,0,0,2,2,2,0,0,0,0,0,30.56,34.52,34.52,29.44,29.44,33.97,33.97,0,0,3,0,0,0.05,pos,0.078814205,0,PrCB,0,18299,98,0.078814205,0.178570866,0.129603718,0.158480591,0.340978846,0.384555518,0,0
8/2/2020,0,0.240524949,0,0,0,0,1,2,0,0,0,3,0,0,0,0,2,2,2,0,0,0,0,0,30.56,34.52,34.52,29.44,29.44,33.97,33.97,0,0,7,0,0,0.05,pos,0.240524949,0,PrCB,0,18300,99,0.240524949,0.078814205,0.178570866,0.129603718,0.158480591,0.340978846,0,0
9/2/2020,0,0.231064293,0,0,0,0,1,2,0,0,0,3,0,0,0,0,2,2,2,0,0,0,0,0,30.56,34.52,34.52,29.44,29.44,33.97,33.97,0,0,3,0,0,0.05,pos,0.231064293,0,PrCB,0,18301,100,0.231064293,0.240524949,0.078814205,0.178570866,0.129603718,0.158480591,0,0
10/2/2020,0,0.468616667,0,0,0,0,1,2,0,0,0,3,0,0,0,0,2,2,2,0,0,0,0,0,30.56,34.52,34.52,29.44,29.44,33.97,33.97,0,0,2,0,0,0.05,pos,0.468616667,0,PrCB,0,18302,101,0.468616667,0.231064293,0.240524949,0.078814205,0.178570866,0.129603718,0,0
11/2/2020,0,0.248368582,0,0,0,0,1,2,0,0,0,3,0,0,0,0,2,2,2,0,0,0,0,0,30.56,34.52,34.52,29.44,29.44,33.97,33.97,0,0,2,0,0,0.05,pos,0.248368582,0,PrCB,0,18303,102,0.248368582,0.468616667,0.231064293,0.240524949,0.078814205,0.178570866,0,0
12/2/2020,0,0.141888732,0,0,0,0,1,2,0,0,0,3,0,0,0,0,2,2,2,0,0,0,0,0,30.56,34.52,34.52,29.44,29.44,33.97,33.97,0,0,3,0,0,0.05,pos,0.141888732,0,PrCB,0,18304,103,0.141888732,0.248368582,0.468616667,0.231064293,0.240524949,0.078814205,0,0
13/2/2020,0,0.009823127,0,0,0,0,1,2,0,0,0,3,0,0,0,0,2,2,2,0,0,0,0,0,30.56,34.52,34.52,29.44,29.44,33.97,33.97,0,0,8,0,0,0.05,pos,0.009823127,0,PrCB,0,18305,104,0.063751094,0.141888732,0.248368582,0.468616667,0.231064293,0.240524949,0,0
14/2/2020,0,0.466615582,0,0,0,0,1,2,0,0,0,3,0,0,0,0,2,2,2,0,0,0,0,0,30.56,34.52,34.52,29.44,29.44,33.97,33.97,0,0,9,0,0,0.05,pos,0.466615582,0,PrCB,0,18306,105,0.466615582,0.009823127,0.141888732,0.248368582,0.468616667,0.231064293,0,0
15/2/2020,0,0.285202013,0,0,0,0,1,2,0,0,0,3,0,0,0,0,2,2,2,0,0,0,0,0,30.56,34.52,34.52,29.44,29.44,33.97,33.97,0,0,5,0,0,0.05,pos,0.285202013,0,PrCB,0,18307,106,0.285202013,0.466615582,0.009823127,0.141888732,0.248368582,0.468616667,0,0
16/2/2020,0,0.254552174,0,0,0,0,1,2,0,0,0,3,0,0,0,0,2,2,2,0,0,0,0,0,30.56,34.52,34.52,29.44,29.44,33.97,33.97,0,0,3,0,0,0.05,pos,0.254552174,0,PrCB,0,18308,107,0.254552174,0.285202013,0.466615582,0.009823127,0.141888732,0.248368582,0,0
17/2/2020,0,0.251849091,0,0,0,0,1,2,0,0,0,3,0,0,0,0,2,2,2,0,0,0,0,0,30.56,34.52,34.52,29.44,29.44,33.97,33.97,0,0,2,0,0,0.05,pos,0.251849091,0,PrCB,0,18309,108,0.251849091,0.254552174,0.285202013,0.466615582,0.009823127,0.141888732,0,0
18/2/2020,0,0.278973861,0,0,0,0,1,2,0,0,0,3,0,0,4.47E+09,0,2,2,2,5600000,0,0,0,0,30.56,34.52,34.52,29.44,29.44,33.97,33.97,0,0,4,0,0,0.05,pos,0.278973861,0,PrCB,0,18310,109,0.278973861,0.251849091,0.254552174,0.285202013,0.466615582,0.009823127,0,0
19/2/2020,0,0.185014231,0,0,0,0,1,2,0,0,0,3,0,0,0,0,2,2,2,0,0,0,0,0,30.56,34.52,34.52,29.44,29.44,33.97,33.97,0,0,3,0,0,0.05,pos,0.185014231,0,PrCB,0,18311,110,0.185014231,0.278973861,0.251849091,0.254552174,0.285202013,0.466615582,0,0
20/2/2020,0,0.273019846,0,0,0,0,1,2,0,0,0,3,0,0,0,0,2,2,2,0,0,0,0,0,30.56,34.52,34.52,29.44,29.44,33.97,33.97,0,0,1,0,0,0.05,pos,0.273019846,0,PrCB,0,18312,111,0.273019846,0.185014231,0.278973861,0.251849091,0.254552174,0.285202013,0,0
21/2/2020,0,0.292102029,0,0,0,0,1,2,0,0,0,3,0,0,0,0,2,2,2,0,0,0,0,0,30.56,34.52,34.52,29.44,29.44,33.97,33.97,0,0,1,0,0,0.05,pos,0.292102029,0,PrCB,0,18313,112,0.292102029,0.273019846,0.185014231,0.278973861,0.251849091,0.254552174,0,0
22/2/2020,0,0.0644506,0,0,0,0,1,2,0,0,0,3,0,0,0,0,2,2,2,0,0,0,0,0,30.56,34.52,34.52,29.44,29.44,33.97,33.97,0,0,3,0,0,0.05,pos,0.0644506,0,PrCB,0,18314,113,0.0644506,0.292102029,0.273019846,0.185014231,0.278973861,0.251849091,0,0
23/2/2020,0,0.2446,0,0,0,0,1,2,0,0,0,3,0,0,0,0,2,2,2,0,0,0,0,0,30.56,34.52,34.52,29.44,29.44,33.97,33.97,0,0,0,0,0,0.05,pos,0.2446,0,PrCB,0,18315,114,0.2446,0.0644506,0.292102029,0.273019846,0.185014231,0.278973861,0,0
24/2/2020,0,0.078851128,0,0,0,0,1,2,0,0,0,3,0,0,0,0,2,2,2,0,0,0,0,0,30.56,34.52,34.52,29.44,29.44,33.97,33.97,0,0,1,0,0,0.05,pos,0.078851128,0,PrCB,0,18316,115,0.078851128,0.2446,0.0644506,0.292102029,0.273019846,0.185014231,0,0
25/2/2020,0,0.26199115,0,0,0,0,1,2,0,0,0,3,0,0,0,0,2,2,2,0,0,0,0,0,30.56,34.52,34.52,29.44,29.44,33.97,33.97,0,0,1,0,0,0.05,pos,0.26199115,0,PrCB,0,18317,116,0.26199115,0.078851128,0.2446,0.0644506,0.292102029,0.273019846,0,0
26/2/2020,0,0.136179267,0,0,0,0,1,2,0,0,0,3,0,0,0,0,2,2,2,0,0,0,0,0,30.56,34.52,34.52,29.44,29.44,33.97,33.97,0,0,2,0,0,0.05,pos,0.136179267,0,PrCB,0,18318,117,0.136179267,0.26199115,0.078851128,0.2446,0.0644506,0.292102029,0,0
27/2/2020,0,0.098890254,0,0,0,0,1,2,0,0,0,3,0,0,0,0,2,2,2,0,0,0,0,0,30.56,34.52,34.52,29.44,29.44,33.97,33.97,0,0,3,0,0,0.05,pos,0.098890254,0,PrCB,0,18319,118,0.098890254,0.136179267,0.26199115,0.078851128,0.2446,0.0644506,0,0
28/2/2020,0,0.188971662,0,0,0,0,1,2,0,0,0,3,0,0,0,0,2,2,2,0,0,0,0,0,30.56,34.52,34.52,29.44,29.44,33.97,33.97,0,0,2,0,0,0.05,pos,0.188971662,0,PrCB,0,18320,119,0.188971662,0.098890254,0.136179267,0.26199115,0.078851128,0.2446,0,0
29/2/2020,0,0.240182158,0,0,0,0,1,2,0,0,0,3,0,0,0,0,2,2,2,0,0,0,0,0,30.56,34.52,34.52,29.44,29.44,33.97,33.97,0,0,4,0,0,0.05,pos,0.240182158,0,PrCB,0,18321,120,0.240182158,0.188971662,0.098890254,0.136179267,0.26199115,0.078851128,0,0
1/3/2020,0,0.207016814,0,0,0,0,1,2,0,0,0,3,0,0,0,0,2,2,2,0,0,0,0,0,30.56,34.52,34.52,29.44,29.44,33.97,33.97,0,0,4,0,0,-0.2,pos,0.207016814,0,PrCB,0,18322,121,0.207016814,0.240182158,0.188971662,0.098890254,0.136179267,0.26199115,0,0
2/3/2020,0,0.153433874,0,0,0,0,1,2,0,0,0,3,0,0,0,0,2,2,2,0,0,0,0,0,30.56,34.52,34.52,29.44,29.44,33.97,33.97,0,0,2,0,0,-0.2,pos,0.153433874,0,PrCB,0,18323,122,0.153433874,0.207016814,0.240182158,0.188971662,0.098890254,0.136179267,0,0
3/3/2020,0,0.314709003,0,0,0,0,1,2,0,0,0,3,0,0,0,0,2,2,2,0,0,0,0,0,30.56,34.52,34.52,29.44,29.44,33.97,33.97,0,0,3,0,0,-0.2,pos,0.314709003,0,PrCB,0,18324,123,0.314709003,0.153433874,0.207016814,0.240182158,0.188971662,0.098890254,0,0
4/3/2020,0,0.118815132,0,0,0,0,1,2,0,0,0,3,0,0,0,0,2,2,2,0,0,0,0,0,30.56,34.52,34.52,29.44,29.44,33.97,33.97,0,0,2,0,0,-0.2,pos,0.118815132,0,PrCB,0,18325,124,0.118815132,0.314709003,0.153433874,0.207016814,0.240182158,0.188971662,0,0
5/3/2020,0,0.224496154,0,0,0,0,1,2,0,0,0,3,0,0,0,0,2,2,2,0,0,0,0,0,30.56,34.52,34.52,29.44,29.44,33.97,33.97,0,0,5,0,0,-0.2,pos,0.224496154,0,PrCB,0,18326,125,0.224496154,0.118815132,0.314709003,0.153433874,0.207016814,0.240182158,0,0
6/3/2020,0,0.12978,0,0,0,0,1,2,0,0,0,3,0,0,0,0,2,2,2,0,0,0,0,0,30.56,34.52,34.52,29.44,29.44,33.97,33.97,0,0,13,0,0,-0.2,pos,0.12978,0,PrCB,0,18327,126,0.12978,0.224496154,0.118815132,0.314709003,0.153433874,0.207016814,0,0
7/3/2020,0,0.22497284,0,0,0,0,1,2,0,0,0,3,0,0,0,0,2,2,2,0,0,0,0,0,30.56,34.52,34.52,29.44,29.44,33.97,33.97,0,0,8,0,0,-0.2,pos,0.22497284,0,PrCB,0,18328,127,0.22497284,0.12978,0.224496154,0.118815132,0.314709003,0.153433874,0,0
8/3/2020,0,0.232476974,0,0,0,0,1,2,0,0,0,3,0,0,0,0,2,2,2,0,0,0,0,0,30.56,34.52,34.52,29.44,29.44,33.97,33.97,0,0,12,0,0,-0.2,pos,0.232476974,0,PrCB,0,18329,128,0.232476974,0.22497284,0.12978,0.224496154,0.118815132,0.314709003,0,0
9/3/2020,0,0.08745942,0,0,0,0,1,2,0,0,0,3,0,0,0,0,2,2,2,0,0,0,0,0,30.56,34.52,34.52,29.44,29.44,33.97,33.97,0,0,10,0,0,-0.2,pos,0.08745942,0,PrCB,0,18330,129,0.08745942,0.232476974,0.22497284,0.12978,0.224496154,0.118815132,0,0
10/3/2020,0,0.099196535,0,0,0,0,1,2,0,0,0,3,0,0,0,0,2,2,2,0,0,0,0,0,30.56,34.52,34.52,29.44,29.44,33.97,33.97,0,0,6,0,0,-0.2,pos,0.099196535,0,PrCB,0,18331,130,0.099196535,0.08745942,0.232476974,0.22497284,0.12978,0.224496154,0,0
11/3/2020,0,0.054188498,0,0,0,0,1,2,0,0,0,3,0,0,0,0,2,2,2,0,0,0,0,0,30.56,34.52,34.52,29.44,29.44,33.97,33.97,0,0,12,0,0,-0.2,pos,0.054188498,0,PrCB,0,18332,131,0.063751094,0.099196535,0.08745942,0.232476974,0.22497284,0.12978,0,0
12/3/2020,0,0.3610841,0,0,0,0,1,2,0,0,0,3,0,0,0,0,2,2,2,0,0,0,0,0,30.56,34.52,34.52,29.44,29.44,33.97,33.97,0,0,9,0,0,-0.2,pos,0.3610841,0,PrCB,0,18333,132,0.3610841,0.054188498,0.099196535,0.08745942,0.232476974,0.22497284,0,0
13/3/2020,0,0.322183862,0,0,0,0,2,2,0,0,0,3,0,0,0,0,2,2,2,0,0,0,0,0,36.11,39.29,39.29,32.78,32.78,37.82,37.82,0,0,13,0,0,-0.2,pos,0.322183862,0,PrCB,0,18334,133,0.322183862,0.3610841,0.054188498,0.099196535,0.08745942,0.232476974,0,0
14/3/2020,0,0.324968491,0,0,0,0,2,2,0,0,0,3,0,0,0,0,2,2,2,0,0,0,0,0,36.11,39.29,39.29,32.78,32.78,37.82,37.82,0,0,12,0,0,-0.2,pos,0.324968491,0,PrCB,0,18335,134,0.324968491,0.322183862,0.3610841,0.054188498,0.099196535,0.08745942,0,0
15/3/2020,0,0.328249829,0,0,0,0,2,2,0,0,0,3,0,0,0,0,2,2,2,0,0,0,0,0,36.11,39.29,39.29,32.78,32.78,37.82,37.82,0,0,14,0,0,-0.2,pos,0.328249829,0,PrCB,0,18336,135,0.328249829,0.324968491,0.322183862,0.3610841,0.054188498,0.099196535,0,0
16/3/2020,0,0.16445085,0,0,0,0,2,2,0,0,0,3,0,0,0,0,2,2,2,0,0,0,0,0,36.11,39.29,39.29,32.78,32.78,37.82,37.82,0,0,17,0,0,-0.2,pos,0.16445085,0,PrCB,0,18337,136,0.16445085,0.328249829,0.324968491,0.322183862,0.3610841,0.054188498,0,0
17/3/2020,0,0.275841921,0,0,0,0,2,2,0,0,0,3,0,0,0,0,2,2,2,0,0,0,0,0,36.11,39.29,39.29,32.78,32.78,37.82,37.82,0,0,23,0,0,-0.2,pos,0.275841921,0,PrCB,0,18338,137,0.275841921,0.16445085,0.328249829,0.324968491,0.322183862,0.3610841,0,0
18/3/2020,0,0.129880498,0,0,0,0,2,2,0,0,0,3,0,0,0,0,2,2,2,0,0,0,0,0,36.11,39.29,39.29,32.78,32.78,37.82,37.82,0,0,47,0,0,-0.2,pos,0.129880498,0,PrCB,0,18339,138,0.129880498,0.275841921,0.16445085,0.328249829,0.324968491,0.322183862,0,0
19/3/2020,0,0.140475138,0,0,0,0,2,2,0,0,0,3,0,0,0,0,2,2,2,0,0,0,0,0,36.11,39.29,39.29,32.78,32.78,37.82,37.82,0,0,32,0,0,-0.2,pos,0.140475138,0,PrCB,0,18340,139,0.140475138,0.129880498,0.275841921,0.16445085,0.328249829,0.324968491,0,0
20/3/2020,0,0.157297992,0,0,0,0,2,2,0,0,0,3,0,0,0,0,2,2,2,0,0,0,0,0,36.11,39.29,39.29,32.78,32.78,37.82,37.82,0,0,40,0,0,-0.2,pos,0.157297992,0,PrCB,0,18341,140,0.157297992,0.140475138,0.129880498,0.275841921,0.16445085,0.328249829,0,0
21/3/2020,0,0.23911205,0,0,0,0,2,2,0,0,0,3,0,0,0,0,2,2,2,0,0,0,0,0,36.11,39.29,39.29,32.78,32.78,37.82,37.82,0,0,47,0,0,-0.2,pos,0.23911205,0,PrCB,0,18342,141,0.23911205,0.157297992,0.140475138,0.129880498,0.275841921,0.16445085,0,0
22/3/2020,0,0.251521327,0,0,0,0,2,2,0,0,0,3,0,0,0,0,2,2,2,0,0,0,0,0,36.11,39.29,39.29,32.78,32.78,37.82,37.82,0,0,23,2,0,-0.2,pos,0.251521327,0,PrCB,0,18343,142,0.251521327,0.23911205,0.157297992,0.140475138,0.129880498,0.275841921,0,0
23/3/2020,0,0.240652521,0,0,0,0,2,2,0,0,0,3,0,0,0,0,2,2,2,0,0,0,0,0,36.11,39.29,39.29,32.78,32.78,37.82,37.82,0,0,54,0,0,-0.2,pos,0.240652521,0,PrCB,0,18344,143,0.240652521,0.251521327,0.23911205,0.157297992,0.140475138,0.129880498,2,0
24/3/2020,0,0.09137784,0,0,0,0,2,2,0,0,0,3,0,0,0,0,2,2,2,0,0,0,0,0,36.11,39.29,39.29,32.78,32.78,37.82,37.82,0,0,49,0,0,-0.2,pos,0.09137784,0,PrCB,0,18345,144,0.09137784,0.240652521,0.251521327,0.23911205,0.157297992,0.140475138,0,0
25/3/2020,0,0.105550713,0,0,0,0,2,2,0,0,0,3,0,0,0,0,2,2,2,0,0,0,0,0,36.11,39.29,39.29,32.78,32.78,37.82,37.82,0,0,73,0,0,-0.2,pos,0.105550713,0,PrCB,0,18346,145,0.105550713,0.09137784,0.240652521,0.251521327,0.23911205,0.157297992,0,0
26/3/2020,0,0.193247595,0,0,0,0,2,2,0,0,0,3,0,0,3.36E+10,0,2,2,2,0,0,0,0,0,36.11,39.29,39.29,32.78,32.78,37.82,37.82,0,0,52,0,0,-0.2,pos,0.193247595,0,PrCB,0,18347,146,0.193247595,0.105550713,0.09137784,0.240652521,0.251521327,0.23911205,0,0
27/3/2020,0,0.369115469,0,0,0,0,2,2,0,0,0,3,0,0,0,0,2,2,2,0,0,0,0,0,36.11,39.29,39.29,32.78,32.78,37.82,37.82,0,0,49,0,0,-0.2,pos,0.369115469,0,PrCB,0,18348,147,0.369115469,0.193247595,0.105550713,0.09137784,0.240652521,0.251521327,0,0
28/3/2020,0,0.358887293,0,0,0,0,2,2,0,0,0,3,0,0,0,0,2,2,2,0,0,0,0,0,36.11,39.29,39.29,32.78,32.78,37.82,37.82,0,0,70,0,0,-0.2,pos,0.358887293,0,PrCB,0,18349,148,0.358887293,0.369115469,0.193247595,0.105550713,0.09137784,0.240652521,0,0
29/3/2020,0,0.373843909,0,0,0,0,2,2,0,0,0,3,0,0,0,0,2,2,2,0,0,0,0,0,36.11,39.29,39.29,32.78,32.78,37.82,37.82,0,0,42,1,0,-0.2,pos,0.373843909,0,PrCB,0,18350,149,0.373843909,0.358887293,0.369115469,0.193247595,0.105550713,0.09137784,0,0
30/3/2020,0,0.314824593,0,0,0,0,2,2,0,0,0,3,0,0,0,0,2,2,2,0,0,0,0,0,36.11,39.29,39.29,32.78,32.78,37.82,37.82,0,0,35,0,0,-0.2,pos,0.314824593,0,PrCB,0,18351,150,0.314824593,0.373843909,0.358887293,0.369115469,0.193247595,0.105550713,1,0
31/3/2020,0,0.307181143,0,0,0,0,2,2,0,0,0,3,0,0,0,0,2,2,2,0,0,0,0,0,36.11,39.29,39.29,32.78,32.78,37.82,37.82,0,0,47,0,0,-0.2,pos,0.307181143,0,PrCB,0,18352,151,0.307181143,0.314824593,0.373843909,0.358887293,0.369115469,0.193247595,0,0
1/4/2020,0,0.232811414,0,0,0,0,2,2,0,0,0,3,1,0,0,0,2,2,2,0,0,0,0,0,36.11,39.29,39.29,36.11,36.11,37.82,37.82,25,25,74,0,0,-0.2,pos,0.232811414,0,PrCB,0,18353,152,0.232811414,0.307181143,0.314824593,0.373843909,0.358887293,0.369115469,0,0
2/4/2020,0,0.161948138,0,0,0,0,2,2,0,0,0,3,1,0,0,0,2,2,2,0,0,0,0,0,36.11,39.29,39.29,36.11,36.11,37.82,37.82,25,25,49,1,0,-0.2,pos,0.161948138,0,PrCB,0,18354,153,0.161948138,0.232811414,0.307181143,0.314824593,0.373843909,0.358887293,0,0
3/4/2020,0,0.387240624,0,0,0,0,2,2,0,1,1,3,1,0,0,0,2,2,2,0,0,1,0,0,45.37,48.81,48.81,43.33,43.33,46.15,46.15,25,25,65,1,0,-0.2,pos,0.387240624,0,PrCB,0,18355,154,0.387240624,0.161948138,0.232811414,0.307181143,0.314824593,0.373843909,1,0
4/4/2020,0,0.416164407,0,0,0,0,2,2,0,1,1,3,1,0,0,0,2,2,2,0,0,1,0,0,45.37,48.81,48.81,43.33,43.33,46.15,46.15,25,25,75,0,0,-0.2,pos,0.416164407,0,PrCB,0,18356,155,0.416164407,0.387240624,0.161948138,0.232811414,0.307181143,0.314824593,1,0
5/4/2020,0,0.248117605,0,0,0,0,2,2,0,1,1,3,1,0,0,0,2,2,2,0,0,1,0,0,45.37,48.81,48.81,43.33,43.33,46.15,46.15,25,25,120,1,0,-0.2,pos,0.248117605,0,PrCB,0,18357,156,0.248117605,0.416164407,0.387240624,0.161948138,0.232811414,0.307181143,0,0
6/4/2020,0,0.44585049,0,0,0,0,2,2,0,1,1,3,1,0,3562387889,0,2,2,2,0,0,1,0,0,45.37,48.81,48.81,43.33,43.33,46.15,46.15,25,25,66,0,0,-0.2,pos,0.44585049,0,PrCB,0,18358,157,0.44585049,0.248117605,0.416164407,0.387240624,0.161948138,0.232811414,1,0
7/4/2020,0,0.400239648,0,0,0,3,2,2,0,1,1,3,1,0,0,0,2,2,2,0,0,1,0,0,56.48,63.1,63.1,50,50,53.85,53.85,25,25,106,0,0,-0.2,pos,0.400239648,0,CB,CB,18359,158,0.400239648,0.44585049,0.248117605,0.416164407,0.387240624,0.161948138,0,0
8/4/2020,0,0.368986796,0,0,3,3,2,2,0,2,2,3,1,0,0,0,2,2,2,0,0,1,0,0,76.85,82.14,82.14,62.22,62.22,67.95,67.95,25,25,142,0,0,-0.2,pos,0.368986796,0,CB,0,18360,159,0.368986796,0.400239648,0.44585049,0.248117605,0.416164407,0.387240624,0,0
9/4/2020,0,0.301754209,0,0,3,3,2,2,0,2,2,3,1,0,0,0,2,2,2,0,0,1,0,0,76.85,82.14,82.14,62.22,62.22,67.95,67.95,25,25,297,0,0,-0.2,pos,0.301754209,0,CB,0,18361,160,0.301754209,0.368986796,0.400239648,0.44585049,0.248117605,0.416164407,0,0
10/4/2020,0,0.375547966,0,0,3,3,2,2,0,2,2,3,1,0,0,0,2,2,2,0,0,1,0,0,76.85,82.14,82.14,62.22,62.22,67.95,67.95,25,25,198,0,0,-0.2,pos,0.375547966,0,CB,0,18362,161,0.375547966,0.301754209,0.368986796,0.400239648,0.44585049,0.248117605,0,0
11/4/2020,0,0.296648763,0,0,3,3,2,2,0,2,2,3,1,0,0,0,2,2,2,0,0,1,0,0,76.85,82.14,82.14,62.22,62.22,67.95,67.95,25,25,191,0,0,-0.2,pos,0.296648763,0,CB,0,18363,162,0.296648763,0.375547966,0.301754209,0.368986796,0.400239648,0.44585049,0,0
12/4/2020,0,0.259239662,0,0,3,3,2,2,0,2,2,3,1,0,0,0,2,2,2,0,0,1,0,0,76.85,82.14,82.14,62.22,62.22,67.95,67.95,25,25,233,2,0,-0.2,pos,0.259239662,0,CB,0,18364,163,0.259239662,0.296648763,0.375547966,0.301754209,0.368986796,0.400239648,0,0
13/4/2020,0,0.520019144,0,0,3,3,2,2,0,2,2,3,1,0,0,0,2,2,2,0,0,1,0,0,76.85,82.14,82.14,62.22,62.22,67.95,67.95,25,25,386,0,0,-0.2,pos,0.520019144,0,CB,0,18365,164,0.507455228,0.259239662,0.296648763,0.375547966,0.301754209,0.368986796,2,0
14/4/2020,0,0.401261483,0,0,3,3,2,2,0,2,2,3,1,0,0,0,2,2,2,0,0,4,0,0,76.85,82.14,82.14,67.22,67.22,73.72,73.72,25,25,334,1,0.07,-0.2,pos,0.401261483,0,CB,0,18366,165,0.401261483,0.520019144,0.259239662,0.296648763,0.375547966,0.301754209,0,0
15/4/2020,0,0.372309896,0,0,3,3,2,2,0,2,2,3,1,0,0,0,2,2,2,0,0,4,0,0,76.85,82.14,82.14,67.22,67.22,73.72,73.72,25,25,447,1,0.076,-0.2,pos,0.372309896,0,CB,0,18367,166,0.372309896,0.401261483,0.520019144,0.259239662,0.296648763,0.375547966,1,0.07
16/4/2020,0,0.399928125,0,0,3,3,2,2,0,2,2,3,1,0,0,0,2,2,2,0,0,4,0,0,76.85,82.14,82.14,67.22,67.22,73.72,73.72,25,25,728,0,0.084,-0.2,pos,0.399928125,0,CB,0,18368,167,0.399928125,0.372309896,0.401261483,0.520019144,0.259239662,0.296648763,1,0.076
17/4/2020,0,0.575415447,0,0,3,3,2,2,0,2,2,3,1,0,0,0,2,2,2,0,0,4,0,0,76.85,82.14,82.14,67.22,67.22,73.72,73.72,25,25,623,0,0.096,-0.2,pos,0.575415447,0,CB,0,18369,168,0.507455228,0.399928125,0.372309896,0.401261483,0.520019144,0.259239662,0,0.084
18/4/2020,0,0.421329197,0,0,3,3,2,2,0,2,2,3,1,0,0,0,2,2,2,0,0,4,0,0,76.85,82.14,82.14,67.22,67.22,73.72,73.72,25,25,942,1,0.114,-0.2,pos,0.421329197,0,CB,0,18370,169,0.421329197,0.575415447,0.399928125,0.372309896,0.401261483,0.520019144,0,0.096
19/4/2020,0,0.368338793,0,0,3,3,2,2,0,2,2,3,1,0,0,0,2,2,2,0,0,4,0,0,76.85,82.14,82.14,67.22,67.22,73.72,73.72,25,25,596,0,0.128,-0.2,pos,0.368338793,0,CB,0,18371,170,0.368338793,0.421329197,0.575415447,0.399928125,0.372309896,0.401261483,1,0.114
20/4/2020,0,0.357288608,0,0,3,3,2,2,0,2,2,3,1,2,0,0,2,2,2,0,0,4,0,0,76.85,82.14,82.14,73.89,73.89,73.72,73.72,75,75,1426,0,0.135,-0.2,pos,0.357288608,0,CB,0,18372,171,0.357288608,0.368338793,0.421329197,0.575415447,0.399928125,0.372309896,0,0.128
21/4/2020,0,0.283627809,0,0,3,3,2,2,0,2,2,3,1,2,0,0,2,2,2,0,0,4,0,0,76.85,82.14,82.14,73.89,73.89,73.72,73.72,75,75,1111,0,0.169,-0.2,pos,0.283627809,0,CB,0,18373,172,0.283627809,0.357288608,0.368338793,0.421329197,0.575415447,0.399928125,0,0.135
22/4/2020,0,0.324641958,0,0,3,3,2,2,0,2,2,3,1,2,0,0,2,2,2,0,0,4,0,0,76.85,82.14,82.14,73.89,73.89,73.72,73.72,75,75,1016,0,0.204,-0.2,pos,0.324641958,0,CB,0,18374,173,0.324641958,0.283627809,0.357288608,0.368338793,0.421329197,0.575415447,0,0.169
23/4/2020,0,0.482988894,0,0,3,3,2,2,0,2,2,3,1,2,0,0,2,2,2,0,0,4,0,0,76.85,82.14,82.14,73.89,73.89,73.72,73.72,75,75,1037,1,0.234,-0.2,pos,0.482988894,0,CB,0,18375,174,0.482988894,0.324641958,0.283627809,0.357288608,0.368338793,0.421329197,0,0.204
24/4/2020,0,0.457313442,0,0,3,3,2,2,0,2,2,3,1,2,0,0,2,2,2,0,0,4,0,0,76.85,82.14,82.14,73.89,73.89,73.72,73.72,75,75,897,0,0.258,-0.2,pos,0.457313442,0,CB,0,18376,175,0.457313442,0.482988894,0.324641958,0.283627809,0.357288608,0.368338793,1,0.234
25/4/2020,0,0.425650985,0,0,3,3,2,2,0,2,2,3,1,2,0,0,2,2,2,0,0,4,0,0,76.85,82.14,82.14,73.89,73.89,73.72,73.72,75,75,618,0,0.283,-0.2,pos,0.425650985,0,CB,0,18377,176,0.425650985,0.457313442,0.482988894,0.324641958,0.283627809,0.357288608,0,0.258
26/4/2020,0,0.403358947,0,0,3,3,2,2,0,2,2,3,1,2,0,0,2,2,2,0,0,4,0,0,76.85,82.14,82.14,73.89,73.89,73.72,73.72,75,75,931,0,0.285,-0.2,pos,0.403358947,0,CB,0,18378,177,0.403358947,0.425650985,0.457313442,0.482988894,0.324641958,0.283627809,0,0.283
27/4/2020,0,0.345129423,0,0,3,3,2,2,0,2,2,3,1,2,0,0,2,2,2,0,0,4,0,0,76.85,82.14,82.14,73.89,73.89,73.72,73.72,75,75,799,0,0.318,-0.2,pos,0.345129423,0,CB,0,18379,178,0.345129423,0.403358947,0.425650985,0.457313442,0.482988894,0.324641958,0,0.285
28/4/2020,0,0.363864063,0,0,3,3,2,2,0,2,2,3,1,2,0,0,2,2,2,0,0,4,0,0,76.85,82.14,82.14,73.89,73.89,73.72,73.72,75,75,528,2,0.273,-0.2,pos,0.363864063,0,CB,0,18380,179,0.363864063,0.345129423,0.403358947,0.425650985,0.457313442,0.482988894,0,0.318
29/4/2020,0,0.370128347,0,0,3,3,2,2,0,2,2,3,1,2,0,0,2,2,2,0,0,4,0,0,76.85,82.14,82.14,73.89,73.89,73.72,73.72,75,75,690,0,0.234,-0.2,pos,0.370128347,0,CB,0,18381,180,0.370128347,0.363864063,0.345129423,0.403358947,0.425650985,0.457313442,2,0.273
30/4/2020,0,0.483066278,0,0,3,3,2,2,0,2,2,3,1,2,0,0,2,2,2,0,0,4,0,0,76.85,82.14,82.14,73.89,73.89,73.72,73.72,75,75,528,0,0.21,-0.2,pos,0.483066278,0,CB,0,18382,181,0.483066278,0.370128347,0.363864063,0.345129423,0.403358947,0.425650985,0,0.234
1/5/2020,0,0.471573684,0,0,3,3,2,2,0,2,2,3,1,2,0,0,2,2,2,0,0,4,0,0,76.85,82.14,82.14,73.89,73.89,73.72,73.72,75,75,932,1,0.181,-0.2,pos,0.471573684,0,CB,0,18383,182,0.471573684,0.483066278,0.370128347,0.363864063,0.345129423,0.403358947,0,0.21
2/5/2020,0,0.340954902,0,0,3,3,2,2,0,2,2,3,1,2,0,0,2,2,2,0,0,4,0,0,76.85,82.14,82.14,73.89,73.89,73.72,73.72,75,75,447,1,0.174,-0.2,pos,0.340954902,0,CB,0,18384,183,0.340954902,0.471573684,0.483066278,0.370128347,0.363864063,0.345129423,1,0.181
3/5/2020,0,0.422947619,0,0,3,3,2,2,0,2,2,3,1,2,0,0,2,2,2,0,0,4,0,0,76.85,82.14,82.14,73.89,73.89,73.72,73.72,75,75,657,1,0.16,-0.2,pos,0.422947619,0,CB,0,18385,184,0.422947619,0.340954902,0.471573684,0.483066278,0.370128347,0.363864063,1,0.174
4/5/2020,0,0.23459633,0,0,3,3,2,2,0,2,2,3,1,2,0,0,2,2,2,0,0,4,0,0,76.85,82.14,82.14,73.89,73.89,73.72,73.72,75,75,573,1,0.145,-0.2,pos,0.23459633,0,CB,0,18386,185,0.23459633,0.422947619,0.340954902,0.471573684,0.483066278,0.370128347,1,0.16
5/5/2020,0,0.285781518,0,0,3,3,2,2,0,2,2,3,1,2,0,0,2,2,2,0,0,4,0,0,76.85,82.14,82.14,73.89,73.89,73.72,73.72,75,75,632,0,0.112,-0.2,pos,0.285781518,0,CB,0,18387,186,0.285781518,0.23459633,0.422947619,0.340954902,0.471573684,0.483066278,1,0.145
6/5/2020,0,0.165611487,0,0,3,3,2,2,0,2,2,3,1,2,0,0,2,2,2,0,0,4,0,0,76.85,82.14,82.14,73.89,73.89,73.72,73.72,75,75,788,0,0.097,-0.2,pos,0.165611487,0,CB,0,18388,187,0.165611487,0.285781518,0.23459633,0.422947619,0.340954902,0.471573684,0,0.112
7/5/2020,0,0.465682648,0,0,3,3,2,2,0,2,2,3,1,2,0,0,2,2,2,0,0,4,0,0,76.85,82.14,82.14,73.89,73.89,73.72,73.72,75,75,741,2,0.085,-0.2,pos,0.465682648,0,CB,0,18389,188,0.465682648,0.165611487,0.285781518,0.23459633,0.422947619,0.340954902,0,0.097
8/5/2020,0,0.156550967,0,0,3,3,2,2,0,2,2,3,1,2,0,0,2,2,2,0,0,4,0,0,76.85,82.14,82.14,73.89,73.89,73.72,73.72,75,75,768,0,0.079,-0.2,pos,0.156550967,0,CB,0,18390,189,0.156550967,0.465682648,0.165611487,0.285781518,0.23459633,0.422947619,2,0.085
9/5/2020,0,0.218322823,0,0,3,3,2,2,0,2,2,3,1,2,0,0,2,2,2,0,0,4,0,0,76.85,82.14,82.14,73.89,73.89,73.72,73.72,75,75,753,0,0.068,-0.2,pos,0.218322823,0,CB,0,18391,190,0.218322823,0.156550967,0.465682648,0.165611487,0.285781518,0.23459633,0,0.079
10/5/2020,0,0.381437453,0,0,3,3,2,2,0,2,2,3,1,2,0,0,2,2,2,0,0,4,0,0,76.85,82.14,82.14,73.89,73.89,73.72,73.72,75,75,876,0,0.065,-0.2,pos,0.381437453,0,CB,0,18392,191,0.381437453,0.218322823,0.156550967,0.465682648,0.165611487,0.285781518,0,0.068
11/5/2020,0,0.118950875,0,0,3,3,2,2,0,2,2,3,1,2,0,0,2,2,2,0,0,4,0,0,76.85,82.14,82.14,73.89,73.89,73.72,73.72,75,75,486,0,0.067,-0.2,pos,0.118950875,0,CB,0,18393,192,0.118950875,0.381437453,0.218322823,0.156550967,0.465682648,0.165611487,0,0.065
12/5/2020,0,0.302196348,0,0,3,2,2,2,0,2,2,3,1,2,0,0,2,2,2,0,0,4,0,0,73.15,78.57,78.57,71.67,71.67,71.15,71.15,75,75,884,1,0.071,-0.2,pos,0.302196348,0,CB,0,18394,193,0.302196348,0.118950875,0.381437453,0.218322823,0.156550967,0.465682648,0,0.067
13/5/2020,0,0.126302721,0,0,3,2,2,2,0,2,2,3,1,2,0,0,2,2,2,0,0,4,0,0,73.15,78.57,78.57,71.67,71.67,71.15,71.15,75,75,675,0,0.081,-0.2,pos,0.126302721,0,CB,0,18395,194,0.126302721,0.302196348,0.118950875,0.381437453,0.218322823,0.156550967,1,0.071
14/5/2020,0,0.181064286,0,0,3,2,2,2,0,2,2,3,1,2,0,0,2,2,2,0,0,4,0,0,73.15,78.57,78.57,71.67,71.67,71.15,71.15,75,75,752,0,0.087,-0.2,pos,0.181064286,0,CB,0,18396,195,0.181064286,0.126302721,0.302196348,0.118950875,0.381437453,0.218322823,0,0.081
15/5/2020,0,0.14815595,0,0,3,2,2,2,0,2,2,3,1,2,0,0,2,2,2,0,0,4,0,0,73.15,78.57,78.57,71.67,71.67,71.15,71.15,75,75,793,0,0.096,-0.2,pos,0.14815595,0,CB,0,18397,196,0.14815595,0.181064286,0.126302721,0.302196348,0.118950875,0.381437453,0,0.087
16/5/2020,0,0.379224251,0,0,3,2,2,2,0,2,2,3,1,2,0,0,2,2,2,0,0,4,0,0,73.15,78.57,78.57,71.67,71.67,71.15,71.15,75,75,465,0,0.108,-0.2,pos,0.379224251,0,CB,0,18398,197,0.379224251,0.14815595,0.181064286,0.126302721,0.302196348,0.118950875,0,0.096
17/5/2020,0,0.118769796,0,0,3,2,2,2,0,2,2,3,1,2,0,0,2,2,2,0,0,4,0,0,73.15,78.57,78.57,71.67,71.67,71.15,71.15,75,75,682,1,0.116,-0.2,pos,0.118769796,0,CB,0,18399,198,0.118769796,0.379224251,0.14815595,0.181064286,0.126302721,0.302196348,0,0.108
18/5/2020,0,0.081694167,0,0,3,2,2,2,0,2,2,3,1,2,0,0,2,2,2,0,0,4,0,0,73.15,78.57,78.57,71.67,71.67,71.15,71.15,75,75,305,0,0.112,-0.2,pos,0.081694167,0,CB,0,18400,199,0.081694167,0.118769796,0.379224251,0.14815595,0.181064286,0.126302721,1,0.116
19/5/2020,0,0.068675791,0,0,3,2,2,2,0,2,2,3,1,2,0,0,2,2,2,0,0,4,0,0,73.15,78.57,78.57,71.67,71.67,71.15,71.15,75,75,451,0,0.109,-0.2,pos,0.068675791,0,CB,0,18401,200,0.068675791,0.081694167,0.118769796,0.379224251,0.14815595,0.181064286,0,0.112
20/5/2020,0,0.172020718,0,0,3,2,2,2,0,2,2,3,1,2,0,0,2,2,2,0,0,4,0,0,73.15,78.57,78.57,71.67,71.67,71.15,71.15,75,75,570,0,0.099,-0.2,pos,0.172020718,0,CB,0,18402,201,0.172020718,0.068675791,0.081694167,0.118769796,0.379224251,0.14815595,0,0.109
21/5/2020,0,0.134609807,0,0,3,2,2,2,0,2,2,3,1,2,0,0,2,2,2,0,0,4,0,0,73.15,78.57,78.57,71.67,71.67,71.15,71.15,75,75,448,0,0.097,-0.2,pos,0.134609807,0,CB,0,18403,202,0.134609807,0.172020718,0.068675791,0.081694167,0.118769796,0.379224251,0,0.099
22/5/2020,0,0.199633077,0,0,3,2,2,2,0,2,2,3,1,2,0,0,2,2,2,0,0,4,0,0,73.15,78.57,78.57,71.67,71.67,71.15,71.15,75,75,614,1,0.09,-0.2,pos,0.199633077,0,CB,0,18404,203,0.199633077,0.134609807,0.172020718,0.068675791,0.081694167,0.118769796,0,0.097
23/5/2020,0,0.355091974,0,0,3,2,2,2,0,2,2,3,1,2,0,0,2,2,2,0,0,4,0,0,73.15,78.57,78.57,71.67,71.67,71.15,71.15,75,75,642,0,0.087,-0.2,pos,0.355091974,0,CB,0,18405,204,0.355091974,0.199633077,0.134609807,0.172020718,0.068675791,0.081694167,1,0.09
24/5/2020,0,0.313613489,0,0,3,2,2,2,0,2,2,3,1,2,0,0,2,2,2,0,0,4,0,0,73.15,78.57,78.57,71.67,71.67,71.15,71.15,75,75,548,0,0.092,-0.2,pos,0.313613489,0,CB,0,18406,205,0.313613489,0.355091974,0.199633077,0.134609807,0.172020718,0.068675791,0,0.087
25/5/2020,0,0.143405,0,0,3,2,2,2,0,2,2,3,1,2,0,0,2,2,2,0,0,4,0,0,73.15,78.57,78.57,71.67,71.67,71.15,71.15,75,75,344,0,0.089,-0.2,pos,0.143405,0,CB,0,18407,206,0.143405,0.313613489,0.355091974,0.199633077,0.134609807,0.172020718,0,0.092
26/5/2020,0,0.199660071,0,0,3,2,2,2,0,2,2,3,2,2,23294473915,0,2,2,2,0,0,4,0,0,73.15,78.57,78.57,75,75,71.15,71.15,100,100,383,0,0.08,-0.2,pos,0.199660071,0,CB,0,18408,207,0.199660071,0.143405,0.313613489,0.355091974,0.199633077,0.134609807,0,0.089
27/5/2020,0,0.306757072,0,0,3,2,2,2,0,2,2,3,2,2,0,0,2,2,2,0,0,4,0,0,73.15,78.57,78.57,75,75,71.15,71.15,100,100,533,0,0.071,-0.2,pos,0.306757072,0,CB,0,18409,208,0.306757072,0.199660071,0.143405,0.313613489,0.355091974,0.199633077,0,0.08
28/5/2020,0,0.158792948,0,0,3,2,2,2,0,2,2,3,2,2,0,0,2,2,2,0,0,4,0,0,73.15,78.57,78.57,75,75,71.15,71.15,100,100,373,0,0.064,-0.2,pos,0.158792948,0,CB,0,18410,209,0.158792948,0.306757072,0.199660071,0.143405,0.313613489,0.355091974,0,0.071
29/5/2020,0,0.209239084,0,0,3,2,2,2,0,2,2,3,2,2,0,0,2,2,2,0,0,4,0,0,73.15,78.57,78.57,75,75,71.15,71.15,100,100,611,0,0.058,-0.2,pos,0.209239084,0,CB,0,18411,210,0.209239084,0.158792948,0.306757072,0.199660071,0.143405,0.313613489,0,0.064
30/5/2020,0,0.186351913,0,0,3,2,2,2,0,2,2,3,2,2,0,0,2,2,2,0,0,4,0,0,73.15,78.57,78.57,75,75,71.15,71.15,100,100,506,0,0.053,-0.2,pos,0.186351913,0,CB,0,18412,211,0.186351913,0.209239084,0.158792948,0.306757072,0.199660071,0.143405,0,0.058
31/5/2020,0,0.247722024,0,0,3,2,2,2,0,2,2,3,2,2,0,0,2,2,2,0,0,4,0,0,73.15,78.57,78.57,75,75,71.15,71.15,100,100,518,0,0.048,-0.2,pos,0.247722024,0,CB,0,18413,212,0.247722024,0.186351913,0.209239084,0.158792948,0.306757072,0.199660071,0,0.053
1/6/2020,0,0.32704774,0,0,3,2,2,2,0,2,2,3,2,2,0,0,2,2,2,0,0,4,0,0,73.15,78.57,78.57,75,75,71.15,71.15,100,100,408,0,0.044,-3.15,pos,0.32704774,0,CB,0,18414,213,0.32704774,0.247722024,0.186351913,0.209239084,0.158792948,0.306757072,0,0.048
2/6/2020,0,0.088606282,0,0,1,2,2,2,0,2,2,3,2,2,0,0,2,2,2,0,0,4,0,0,65.74,71.43,71.43,70.56,70.56,66.03,66.03,100,100,544,1,0.045,-3.15,pos,0.088606282,0,CB,0,18415,214,0.088606282,0.32704774,0.247722024,0.186351913,0.209239084,0.158792948,0,0.044
3/6/2020,0,-0.041814234,0,0,1,2,2,2,0,2,2,3,2,2,0,0,2,2,2,0,0,4,0,0,65.74,71.43,71.43,70.56,70.56,66.03,66.03,100,100,569,0,0.046,-3.15,neg,0,-0.041814234,CB,0,18416,215,0.063751094,0.088606282,0.32704774,0.247722024,0.186351913,0.209239084,1,0.045
4/6/2020,0,0.189971208,0,0,1,2,2,2,0,2,2,3,2,2,0,0,2,2,2,0,0,4,0,0,65.74,71.43,71.43,70.56,70.56,66.03,66.03,100,100,517,0,0.046,-3.15,pos,0.189971208,0,CB,0,18417,216,0.189971208,-0.041814234,0.088606282,0.32704774,0.247722024,0.186351913,0,0.046
5/6/2020,0,0.334862385,0,0,1,2,2,2,0,2,2,3,2,2,0,0,2,2,2,0,0,4,0,0,65.74,71.43,71.43,70.56,70.56,66.03,66.03,100,100,261,0,0.047,-3.15,pos,0.334862385,0,CB,0,18418,217,0.334862385,0.189971208,-0.041814234,0.088606282,0.32704774,0.247722024,0,0.046
6/6/2020,0,0.261428333,0,0,1,2,2,2,0,2,2,3,2,2,0,0,2,2,2,0,0,4,0,0,65.74,71.43,71.43,70.56,70.56,66.03,66.03,100,100,344,0,0.042,-3.15,pos,0.261428333,0,CB,0,18419,218,0.261428333,0.334862385,0.189971208,-0.041814234,0.088606282,0.32704774,0,0.047
7/6/2020,0,0.26537102,0,0,1,2,2,2,0,2,2,3,2,2,0,0,2,2,2,0,0,4,0,0,65.74,71.43,71.43,70.56,70.56,66.03,66.03,100,100,383,1,0.04,-3.15,pos,0.26537102,0,CB,0,18420,219,0.26537102,0.261428333,0.334862385,0.189971208,-0.041814234,0.088606282,0,0.042
8/6/2020,0,0.24918582,0,0,1,2,2,2,0,2,2,3,2,2,0,0,2,2,2,0,0,4,0,0,65.74,71.43,71.43,70.56,70.56,66.03,66.03,100,100,389,0,0.038,-3.15,pos,0.24918582,0,CB,0,18421,220,0.24918582,0.26537102,0.261428333,0.334862385,0.189971208,-0.041814234,1,0.04
9/6/2020,0,0.105407419,0,0,1,2,2,2,0,2,2,3,2,2,0,0,2,2,2,0,0,4,0,0,65.74,71.43,71.43,70.56,70.56,66.03,66.03,100,100,218,0,0.037,-3.15,pos,0.105407419,0,CB,0,18422,221,0.105407419,0.24918582,0.26537102,0.261428333,0.334862385,0.189971208,0,0.038
10/6/2020,0,0.16013565,0,0,1,2,2,2,0,2,2,3,2,2,0,0,2,2,2,0,0,4,0,0,65.74,71.43,71.43,70.56,70.56,66.03,66.03,100,100,451,0,0.033,-3.15,pos,0.16013565,0,CB,0,18423,222,0.16013565,0.105407419,0.24918582,0.26537102,0.261428333,0.334862385,0,0.037
11/6/2020,0,0.172094151,0,0,1,2,2,2,0,2,2,3,2,2,0,0,2,2,2,0,0,4,0,0,65.74,71.43,71.43,70.56,70.56,66.03,66.03,100,100,422,0,0.031,-3.15,pos,0.172094151,0,CB,0,18424,223,0.172094151,0.16013565,0.105407419,0.24918582,0.26537102,0.261428333,0,0.033
12/6/2020,0,0.202994485,0,0,1,2,2,2,0,2,2,3,2,2,0,0,2,2,2,0,0,4,0,0,65.74,71.43,71.43,70.56,70.56,66.03,66.03,100,100,463,0,0.029,-3.15,pos,0.202994485,0,CB,0,18425,224,0.202994485,0.172094151,0.16013565,0.105407419,0.24918582,0.26537102,0,0.031
13/6/2020,0,0.281141667,0,0,1,2,2,2,0,2,2,3,2,2,0,0,2,2,2,0,0,4,0,0,65.74,71.43,71.43,70.56,70.56,66.03,66.03,100,100,347,0,0.031,-3.15,pos,0.281141667,0,CB,0,18426,225,0.281141667,0.202994485,0.172094151,0.16013565,0.105407419,0.24918582,0,0.029
14/6/2020,0,0.118450645,0,0,1,2,2,2,0,2,2,3,2,2,0,0,2,2,2,0,0,4,0,0,65.74,71.43,71.43,70.56,70.56,66.03,66.03,100,100,407,1,0.031,-3.15,pos,0.118450645,0,CB,0,18427,226,0.118450645,0.281141667,0.202994485,0.172094151,0.16013565,0.105407419,0,0.031
15/6/2020,0,0.125053659,0,0,1,2,2,2,0,2,2,3,2,2,0,0,2,2,2,0,0,4,0,0,65.74,71.43,71.43,70.56,70.56,66.03,66.03,100,100,214,0,0.031,-3.15,pos,0.125053659,0,CB,0,18428,227,0.125053659,0.118450645,0.281141667,0.202994485,0.172094151,0.16013565,1,0.031
16/6/2020,0,0.361748256,0,0,1,2,2,2,0,2,2,3,2,2,0,0,2,2,2,0,0,4,0,0,65.74,71.43,71.43,70.56,70.56,66.03,66.03,100,100,151,0,0.028,-3.15,pos,0.361748256,0,CB,0,18429,228,0.361748256,0.125053659,0.118450645,0.281141667,0.202994485,0.172094151,0,0.031
17/6/2020,0,0.283932639,0,0,1,2,2,2,0,2,2,3,2,2,0,0,2,2,2,0,0,4,0,0,65.74,71.43,71.43,70.56,70.56,66.03,66.03,100,100,247,0,0.026,-3.15,pos,0.283932639,0,CB,0,18430,229,0.283932639,0.361748256,0.125053659,0.118450645,0.281141667,0.202994485,0,0.028
18/6/2020,0,0.150175937,0,0,1,2,2,2,0,2,2,3,2,2,0,0,2,2,2,0,0,4,0,0,65.74,71.43,71.43,70.56,70.56,66.03,66.03,100,100,202,0,0.023,-3.15,pos,0.150175937,0,CB,0,18431,230,0.150175937,0.283932639,0.361748256,0.125053659,0.118450645,0.281141667,0,0.026
19/6/2020,0,0.397545884,0,0,1,2,2,2,0,1,0,3,2,2,0,0,2,2,2,0,0,4,0,0,50.93,64.29,64.29,61.67,61.67,55.77,55.77,100,100,257,0,0.021,-3.15,pos,0.397545884,0,P2,P2,18432,231,0.397545884,0.150175937,0.283932639,0.361748256,0.125053659,0.118450645,0,0.023
20/6/2020,0,0.155694595,0,0,1,2,2,2,0,1,0,3,2,2,0,0,2,2,2,0,0,4,0,0,50.93,64.29,64.29,61.67,61.67,55.77,55.77,100,100,123,0,0.017,-3.15,pos,0.155694595,0,P2,0,18433,232,0.155694595,0.397545884,0.150175937,0.283932639,0.361748256,0.125053659,0,0.021
21/6/2020,0,0.550243239,0,0,1,2,2,2,0,1,0,3,2,2,0,0,2,2,2,0,0,4,0,0,50.93,64.29,64.29,61.67,61.67,55.77,55.77,100,100,399,0,0.016,-3.15,pos,0.550243239,0,P2,0,18434,233,0.507455228,0.155694595,0.397545884,0.150175937,0.283932639,0.361748256,0,0.017
22/6/2020,0,0.256578512,0,0,1,2,2,2,0,1,0,3,2,2,0,0,2,2,2,0,0,4,0,0,50.93,64.29,64.29,61.67,61.67,55.77,55.77,100,100,310,0,0.014,-3.15,pos,0.256578512,0,P2,0,18435,234,0.256578512,0.550243239,0.155694595,0.397545884,0.150175937,0.283932639,0,0.016
23/6/2020,0,0.247397908,0,0,1,2,2,2,0,1,0,3,2,2,0,0,2,2,2,0,0,4,0,0,50.93,64.29,64.29,61.67,61.67,55.77,55.77,100,100,354,0,0.014,-3.15,pos,0.247397908,0,P2,0,18436,235,0.247397908,0.256578512,0.550243239,0.155694595,0.397545884,0.150175937,0,0.014
24/6/2020,0,0.202505905,0,0,1,2,2,2,0,1,0,3,2,2,0,0,2,2,2,0,0,4,0,0,50.93,64.29,64.29,61.67,61.67,55.77,55.77,100,100,277,0,0.015,-3.15,pos,0.202505905,0,P2,0,18437,236,0.202505905,0.247397908,0.256578512,0.550243239,0.155694595,0.397545884,0,0.014
25/6/2020,0,0.378222839,0,0,1,2,2,2,0,1,0,3,2,2,0,0,2,2,2,0,0,4,0,0,50.93,64.29,64.29,61.67,61.67,55.77,55.77,100,100,513,0,0.015,-3.15,pos,0.378222839,0,P2,0,18438,237,0.378222839,0.202505905,0.247397908,0.256578512,0.550243239,0.155694595,0,0.015
26/6/2020,0,0.354968355,0,0,1,2,2,2,0,1,0,3,2,2,0,0,2,2,2,0,0,4,0,0,50.93,64.29,64.29,61.67,61.67,55.77,55.77,100,100,481,0,0.014,-3.15,pos,0.354968355,0,P2,0,18439,238,0.354968355,0.378222839,0.202505905,0.247397908,0.256578512,0.550243239,0,0.015
27/6/2020,0,0.184021166,0,0,1,2,2,2,0,1,0,3,2,2,0,0,2,2,2,0,0,4,0,0,50.93,64.29,64.29,61.67,61.67,55.77,55.77,100,100,469,0,0.016,-3.15,pos,0.184021166,0,P2,0,18440,239,0.184021166,0.354968355,0.378222839,0.202505905,0.247397908,0.256578512,0,0.014
28/6/2020,0,0.271761478,0,0,1,2,2,2,0,1,0,3,2,2,0,0,2,2,2,0,0,4,0,0,50.93,64.29,64.29,61.67,61.67,55.77,55.77,100,100,359,0,0.018,-3.15,pos,0.271761478,0,P2,0,18441,240,0.271761478,0.184021166,0.354968355,0.378222839,0.202505905,0.247397908,0,0.016
29/6/2020,0,0.406198374,0,0,1,2,2,2,0,1,0,3,2,2,0,0,2,2,2,0,0,4,0,0,50.93,64.29,64.29,61.67,61.67,55.77,55.77,100,100,334,0,0.019,-3.15,pos,0.406198374,0,P2,0,18442,241,0.406198374,0.271761478,0.184021166,0.354968355,0.378222839,0.202505905,0,0.018
30/6/2020,0,0.50385472,0,0,1,2,2,2,0,1,0,3,2,2,0,0,2,2,2,0,0,4,0,0,50.93,64.29,64.29,61.67,61.67,55.77,55.77,100,100,278,0,0.017,-3.15,pos,0.50385472,0,P2,0,18443,242,0.50385472,0.406198374,0.271761478,0.184021166,0.354968355,0.378222839,0,0.019
1/7/2020,0,0.437841368,0,0,1,2,2,2,0,1,0,3,2,2,0,0,2,2,2,0,0,4,0,0,50.93,64.29,64.29,61.67,61.67,55.77,55.77,100,100,396,0,0.018,-3.15,pos,0.437841368,0,P2,0,18444,243,0.437841368,0.50385472,0.406198374,0.271761478,0.184021166,0.354968355,0,0.017
2/7/2020,0,0.450234144,0,0,1,2,2,2,0,1,0,3,2,2,0,0,2,2,2,0,0,4,0,0,50.93,64.29,64.29,61.67,61.67,55.77,55.77,100,100,307,0,0.017,-3.15,pos,0.450234144,0,P2,0,18445,244,0.450234144,0.437841368,0.50385472,0.406198374,0.271761478,0.184021166,0,0.018
3/7/2020,0,0.440108089,0,0,1,2,2,2,0,1,0,3,2,2,0,0,2,2,2,0,0,4,0,0,50.93,64.29,64.29,61.67,61.67,55.77,55.77,100,100,313,0,0.017,-3.15,pos,0.440108089,0,P2,0,18446,245,0.440108089,0.450234144,0.437841368,0.50385472,0.406198374,0.271761478,0,0.017
4/7/2020,0,0.396931373,0,0,1,2,2,2,0,1,0,3,2,2,0,0,2,2,2,0,0,4,0,0,50.93,64.29,64.29,61.67,61.67,55.77,55.77,100,100,226,0,0.015,-3.15,pos,0.396931373,0,P2,0,18447,246,0.396931373,0.440108089,0.450234144,0.437841368,0.50385472,0.406198374,0,0.017
5/7/2020,0,0.415374128,0,0,1,2,2,2,0,1,0,3,2,2,0,0,2,2,2,0,0,4,0,0,50.93,64.29,64.29,61.67,61.67,55.77,55.77,100,100,295,0,0.014,-3.15,pos,0.415374128,0,P2,0,18448,247,0.415374128,0.396931373,0.440108089,0.450234144,0.437841368,0.50385472,0,0.015
6/7/2020,0,0.398511934,0,0,1,2,2,2,0,1,0,3,2,2,0,0,2,2,2,0,0,4,0,0,50.93,64.29,64.29,61.67,61.67,55.77,55.77,100,100,908,0,0.011,-3.15,pos,0.398511934,0,P2,0,18449,248,0.398511934,0.415374128,0.396931373,0.440108089,0.450234144,0.437841368,0,0.014
7/7/2020,0,0.297174899,0,0,1,2,2,2,0,1,0,3,2,2,0,0,2,2,2,0,0,4,0,0,50.93,64.29,64.29,61.67,61.67,55.77,55.77,100,100,301,0,0.012,-3.15,pos,0.297174899,0,P2,0,18450,249,0.297174899,0.398511934,0.415374128,0.396931373,0.440108089,0.450234144,0,0.011
8/7/2020,0,0.424605773,0,0,1,2,2,2,0,1,0,3,2,2,0,0,2,2,2,0,0,4,0,0,50.93,64.29,64.29,61.67,61.67,55.77,55.77,100,100,242,0,0.01,-3.15,pos,0.424605773,0,P2,0,18451,250,0.424605773,0.297174899,0.398511934,0.415374128,0.396931373,0.440108089,0,0.012
9/7/2020,0,0.383223016,0,0,1,2,2,2,0,1,0,3,2,2,0,0,2,2,2,0,0,4,0,0,50.93,64.29,64.29,61.67,61.67,55.77,55.77,100,100,132,0,0.01,-3.15,pos,0.383223016,0,P2,0,18452,251,0.383223016,0.424605773,0.297174899,0.398511934,0.415374128,0.396931373,0,0.01
10/7/2020,0,0.532557034,0,0,1,2,2,2,0,1,0,3,2,2,0,0,2,2,2,0,0,4,0,0,50.93,64.29,64.29,61.67,61.67,55.77,55.77,100,100,175,0,0.009,-3.15,pos,0.532557034,0,P2,0,18453,252,0.507455228,0.383223016,0.424605773,0.297174899,0.398511934,0.415374128,0,0.01
11/7/2020,0,0.626789488,0,0,1,2,2,2,0,1,0,3,2,2,0,0,2,2,2,0,0,4,0,0,50.93,64.29,64.29,61.67,61.67,55.77,55.77,100,100,188,0,0.009,-3.15,pos,0.626789488,0,P2,0,18454,253,0.507455228,0.532557034,0.383223016,0.424605773,0.297174899,0.398511934,0,0.009
12/7/2020,0,0.562935765,0,0,1,2,2,2,0,1,0,3,2,2,0,0,2,2,2,0,0,4,0,0,50.93,64.29,64.29,61.67,61.67,55.77,55.77,100,100,61,0,0.008,-3.15,pos,0.562935765,0,P2,0,18455,254,0.507455228,0.626789488,0.532557034,0.383223016,0.424605773,0.297174899,0,0.009
13/7/2020,0,0.458132789,0,0,1,2,2,2,0,1,0,3,2,2,0,0,2,2,2,0,0,4,0,0,50.93,64.29,64.29,61.67,61.67,55.77,55.77,100,100,42,0,0.009,-3.15,pos,0.458132789,0,P2,0,18456,255,0.458132789,0.562935765,0.626789488,0.532557034,0.383223016,0.424605773,0,0.008
14/7/2020,0,0.457643357,0,0,1,2,2,2,0,1,0,3,2,2,0,0,2,2,2,0,0,4,0,0,50.93,64.29,64.29,61.67,61.67,55.77,55.77,100,100,102,0,0.009,-3.15,pos,0.457643357,0,P2,0,18457,256,0.457643357,0.458132789,0.562935765,0.626789488,0.532557034,0.383223016,0,0.009
15/7/2020,0,0.281017222,0,0,1,2,2,2,0,1,0,3,2,2,0,0,2,2,2,0,0,4,0,0,50.93,64.29,64.29,61.67,61.67,55.77,55.77,100,100,83,1,0.01,-3.15,pos,0.281017222,0,P2,0,18458,257,0.281017222,0.457643357,0.458132789,0.562935765,0.626789488,0.532557034,0,0.009
16/7/2020,0,0.29764569,0,0,1,2,2,2,0,1,0,3,2,2,0,0,2,2,2,0,0,4,0,0,50.93,64.29,64.29,61.67,61.67,55.77,55.77,100,100,81,0,0.01,-3.15,pos,0.29764569,0,P2,0,18459,258,0.29764569,0.281017222,0.457643357,0.458132789,0.562935765,0.626789488,1,0.01
17/7/2020,0,0.289690648,0,0,1,2,2,2,0,1,0,3,2,2,0,0,2,2,2,0,0,4,0,0,50.93,64.29,64.29,61.67,61.67,55.77,55.77,100,100,86,0,0.011,-3.15,pos,0.289690648,0,P2,0,18460,259,0.289690648,0.29764569,0.281017222,0.457643357,0.458132789,0.562935765,0,0.01
18/7/2020,0,0.27763125,0,0,1,2,2,2,0,1,0,3,2,2,0,0,2,2,2,0,0,4,0,0,50.93,64.29,64.29,61.67,61.67,55.77,55.77,100,100,91,0,0.012,-3.15,pos,0.27763125,0,P2,0,18461,260,0.27763125,0.289690648,0.29764569,0.281017222,0.457643357,0.458132789,0,0.011
19/7/2020,0,0.303667647,0,0,1,2,2,2,0,1,0,3,2,2,0,0,2,2,2,0,0,4,0,0,50.93,64.29,64.29,61.67,61.67,55.77,55.77,100,100,100,0,0.012,-3.15,pos,0.303667647,0,P2,0,18462,261,0.303667647,0.27763125,0.289690648,0.29764569,0.281017222,0.457643357,0,0.012
20/7/2020,0,0.153830556,0,0,1,2,2,2,0,1,0,3,2,2,0,0,2,2,2,0,0,4,0,0,50.93,64.29,64.29,61.67,61.67,55.77,55.77,100,100,93,0,0.012,-3.15,pos,0.153830556,0,P2,0,18463,262,0.153830556,0.303667647,0.27763125,0.289690648,0.29764569,0.281017222,0,0.012
21/7/2020,0,0.444065854,0,0,1,2,2,2,0,1,0,3,2,2,0,0,2,2,2,0,0,4,0,0,50.93,64.29,64.29,61.67,61.67,55.77,55.77,100,100,68,0,0.011,-3.15,pos,0.444065854,0,P2,0,18464,263,0.444065854,0.153830556,0.303667647,0.27763125,0.289690648,0.29764569,0,0.012
22/7/2020,0,0.44104375,0,0,1,2,2,2,0,1,0,3,2,2,0,0,2,2,2,0,0,4,0,0,50.93,64.29,64.29,61.67,61.67,55.77,55.77,100,100,117,0,0.011,-3.15,pos,0.44104375,0,P2,0,18465,264,0.44104375,0.444065854,0.153830556,0.303667647,0.27763125,0.289690648,0,0.011
23/7/2020,0,0.197584211,0,0,1,2,2,2,0,1,0,3,2,2,0,0,2,2,2,0,0,4,0,0,50.93,64.29,64.29,61.67,61.67,55.77,55.77,100,100,50,0,0.012,-3.15,pos,0.197584211,0,P2,0,18466,265,0.197584211,0.44104375,0.444065854,0.153830556,0.303667647,0.27763125,0,0.011
24/7/2020,0,0.512896517,0,0,1,2,2,2,0,1,0,3,2,2,0,0,2,2,2,0,0,4,0,0,50.93,64.29,64.29,61.67,61.67,55.77,55.77,100,100,87,0,0.013,-3.15,pos,0.512896517,0,P2,0,18467,266,0.507455228,0.197584211,0.44104375,0.444065854,0.153830556,0.303667647,0,0.012
25/7/2020,0,0.370620906,0,0,1,2,2,2,0,1,0,3,2,2,0,0,2,2,2,0,0,4,0,0,50.93,64.29,64.29,61.67,61.67,55.77,55.77,100,100,51,0,0.013,-3.15,pos,0.370620906,0,P2,0,18468,267,0.370620906,0.512896517,0.197584211,0.44104375,0.444065854,0.153830556,0,0.013
26/7/2020,0,0.457282258,0,0,1,2,2,2,0,1,0,3,2,2,0,0,2,2,2,0,0,4,0,0,50.93,64.29,64.29,61.67,61.67,55.77,55.77,100,100,31,0,0.015,-3.15,pos,0.457282258,0,P2,0,18469,268,0.457282258,0.370620906,0.512896517,0.197584211,0.44104375,0.444065854,0,0.013
27/7/2020,0,0.53032387,0,0,1,2,2,2,0,1,0,3,2,2,0,0,2,2,2,0,0,4,0,0,50.93,64.29,64.29,61.67,61.67,55.77,55.77,100,100,60,0,0.016,-3.15,pos,0.53032387,0,P2,0,18470,269,0.507455228,0.457282258,0.370620906,0.512896517,0.197584211,0.44104375,0,0.015
28/7/2020,0,0.463610096,0,0,1,2,2,2,0,1,0,3,2,2,0,0,2,2,2,0,0,4,0,0,50.93,64.29,64.29,61.67,61.67,55.77,55.77,100,100,77,0,0.019,-3.15,pos,0.463610096,0,P2,0,18471,270,0.463610096,0.53032387,0.457282258,0.370620906,0.512896517,0.197584211,0,0.016
29/7/2020,0,0.484945833,0,0,1,2,2,2,0,1,0,3,2,2,0,0,2,2,2,0,0,4,0,0,50.93,64.29,64.29,61.67,61.67,55.77,55.77,100,100,94,0,0.018,-3.15,pos,0.484945833,0,P2,0,18472,271,0.484945833,0.463610096,0.53032387,0.457282258,0.370620906,0.512896517,0,0.019
30/7/2020,0,0.346055427,0,0,1,2,2,2,0,1,0,3,2,2,0,0,2,2,2,0,0,4,0,0,50.93,64.29,64.29,61.67,61.67,55.77,55.77,100,100,51,0,0.018,-3.15,pos,0.346055427,0,P2,0,18473,272,0.346055427,0.484945833,0.463610096,0.53032387,0.457282258,0.370620906,0,0.018
31/7/2020,0,0.389196119,0,0,1,2,2,2,0,1,0,3,2,2,0,0,2,2,2,0,0,4,0,0,50.93,64.29,64.29,61.67,61.67,55.77,55.77,100,100,54,0,0.018,-3.15,pos,0.389196119,0,P2,0,18474,273,0.389196119,0.346055427,0.484945833,0.463610096,0.53032387,0.457282258,0,0.018
1/8/2020,0,0.379759312,0,0,1,2,2,2,0,1,0,3,2,2,0,0,2,2,2,0,0,4,0,0,50.93,64.29,64.29,61.67,61.67,55.77,55.77,100,100,41,0,0.019,-3.15,pos,0.379759312,0,P2,0,18475,274,0.379759312,0.389196119,0.346055427,0.484945833,0.463610096,0.53032387,0,0.018
2/8/2020,0,0.149418061,0,0,1,2,2,2,0,1,0,3,2,2,0,0,2,2,2,0,0,4,0,0,50.93,64.29,64.29,61.67,61.67,55.77,55.77,100,100,40,0,0.017,-3.15,pos,0.149418061,0,P2,0,18476,275,0.149418061,0.379759312,0.389196119,0.346055427,0.484945833,0.463610096,0,0.019
3/8/2020,0,0.228959052,0,0,1,2,2,2,0,1,0,3,2,2,0,0,2,2,2,0,0,4,0,0,50.93,64.29,64.29,61.67,61.67,55.77,55.77,100,100,49,0,0.016,-3.15,pos,0.228959052,0,P2,0,18477,276,0.228959052,0.149418061,0.379759312,0.389196119,0.346055427,0.484945833,0,0.017
4/8/2020,0,0.345028788,0,0,1,2,2,2,0,1,0,3,2,2,0,0,2,2,2,0,0,4,0,0,50.93,64.29,64.29,61.67,61.67,55.77,55.77,100,100,48,0,0.015,-3.15,pos,0.345028788,0,P2,0,18478,277,0.345028788,0.228959052,0.149418061,0.379759312,0.389196119,0.346055427,0,0.016
5/8/2020,0,0.170306215,0,0,1,2,2,2,0,1,0,3,2,2,0,0,2,2,2,0,0,4,0,0,50.93,64.29,64.29,61.67,61.67,55.77,55.77,100,100,40,0,0.015,-3.15,pos,0.170306215,0,PoP2,PoP2,18479,278,0.170306215,0.345028788,0.228959052,0.149418061,0.379759312,0.389196119,0,0.015
6/8/2020,0,0.215055978,0,0,1,2,2,2,0,1,0,3,2,2,0,0,2,2,2,0,0,4,0,0,50.93,64.29,64.29,61.67,61.67,55.77,55.77,100,100,34,0,0.02,-3.15,pos,0.215055978,0,PoP2,0,18480,279,0.215055978,0.170306215,0.345028788,0.228959052,0.149418061,0.379759312,0,0.015
7/8/2020,0,0.465067281,0,0,1,2,2,2,0,1,0,3,2,2,0,0,2,2,2,0,0,4,0,0,50.93,64.29,64.29,61.67,61.67,55.77,55.77,100,100,40,0,0.02,-3.15,pos,0.465067281,0,PoP2,0,18481,280,0.465067281,0.215055978,0.170306215,0.345028788,0.228959052,0.149418061,0,0.02
8/8/2020,0,0.546327913,0,0,1,2,2,2,0,1,0,3,2,2,0,0,2,2,2,0,0,4,0,0,50.93,64.29,64.29,61.67,61.67,55.77,55.77,100,100,22,0,0.02,-3.15,pos,0.546327913,0,PoP2,0,18482,281,0.507455228,0.465067281,0.215055978,0.170306215,0.345028788,0.228959052,0,0.02
9/8/2020,0,0.499258442,0,0,1,2,2,2,0,1,0,3,2,2,0,0,2,2,2,0,0,4,0,0,50.93,64.29,64.29,61.67,61.67,55.77,55.77,100,100,47,0,0.019,-3.15,pos,0.499258442,0,PoP2,0,18483,282,0.499258442,0.546327913,0.465067281,0.215055978,0.170306215,0.345028788,0,0.02
10/8/2020,0,0.525095806,0,0,1,2,2,2,0,1,0,3,2,2,0,0,2,2,2,0,0,4,0,0,50.93,64.29,64.29,61.67,61.67,55.77,55.77,100,100,75,0,0.019,-3.15,pos,0.525095806,0,PoP2,0,18484,283,0.507455228,0.499258442,0.546327913,0.465067281,0.215055978,0.170306215,0,0.019
11/8/2020,0,0.315597602,0,0,1,2,2,2,0,1,0,3,2,2,0,0,2,2,2,0,0,4,0,0,50.93,64.29,64.29,61.67,61.67,55.77,55.77,100,100,63,0,0.019,-3.15,pos,0.315597602,0,PoP2,0,18485,284,0.315597602,0.525095806,0.499258442,0.546327913,0.465067281,0.215055978,0,0.019
12/8/2020,0,0.31378718,0,0,1,2,2,2,0,1,0,3,2,2,0,0,2,2,2,0,0,4,0,0,50.93,64.29,64.29,61.67,61.67,55.77,55.77,100,100,86,0,0.016,-3.15,pos,0.31378718,0,PoP2,0,18486,285,0.31378718,0.315597602,0.525095806,0.499258442,0.546327913,0.465067281,0,0.019
13/8/2020,0,0.196672442,0,0,1,2,2,2,0,1,0,3,2,2,0,0,2,2,2,0,0,4,0,0,50.93,64.29,64.29,61.67,61.67,55.77,55.77,100,100,42,0,0.009,-3.15,pos,0.196672442,0,PoP2,0,18487,286,0.196672442,0.31378718,0.315597602,0.525095806,0.499258442,0.546327913,0,0.016
14/8/2020,0,0.192393154,0,0,1,2,2,2,0,1,0,3,2,2,0,0,2,2,2,0,0,4,0,0,50.93,64.29,64.29,61.67,61.67,55.77,55.77,100,100,49,0,0.007,-3.15,pos,0.192393154,0,PoP2,0,18488,287,0.192393154,0.196672442,0.31378718,0.315597602,0.525095806,0.499258442,0,0.009
15/8/2020,0,0.160717718,0,0,1,2,2,2,0,1,0,3,2,2,0,0,2,2,2,0,0,4,0,0,50.93,64.29,64.29,61.67,61.67,55.77,55.77,100,100,48,0,0.006,-3.15,pos,0.160717718,0,PoP2,0,18489,288,0.160717718,0.192393154,0.196672442,0.31378718,0.315597602,0.525095806,0,0.007
16/8/2020,0,0.169694416,0,0,1,2,2,2,0,1,0,3,2,2,0,0,2,2,2,0,0,4,0,0,50.93,64.29,64.29,61.67,61.67,55.77,55.77,100,100,34,0,0.006,-3.15,pos,0.169694416,0,PoP2,0,18490,289,0.169694416,0.160717718,0.192393154,0.196672442,0.31378718,0.315597602,0,0.006
17/8/2020,0,0.140651431,0,0,1,2,2,2,0,1,0,3,2,2,5.84E+09,0,2,2,2,0,0,4,0,0,50.93,64.29,64.29,61.67,61.67,55.77,55.77,100,100,27,0,0.005,-3.15,pos,0.140651431,0,PoP2,0,18491,290,0.140651431,0.169694416,0.160717718,0.192393154,0.196672442,0.31378718,0,0.006
18/8/2020,0,0.160298433,0,0,1,2,2,2,0,1,0,3,2,2,0,0,2,2,2,0,0,4,0,0,50.93,64.29,64.29,61.67,61.67,55.77,55.77,100,100,18,0,0.004,-3.15,pos,0.160298433,0,PoP2,0,18492,291,0.160298433,0.140651431,0.169694416,0.160717718,0.192393154,0.196672442,0,0.005
19/8/2020,0,0.121011728,0,0,1,2,2,2,0,1,0,3,2,2,0,0,2,2,2,0,0,4,0,0,50.93,64.29,64.29,61.67,61.67,55.77,55.77,100,100,11,0,0.004,-3.15,pos,0.121011728,0,PoP2,0,18493,292,0.121011728,0.160298433,0.140651431,0.169694416,0.160717718,0.192393154,0,0.004
20/8/2020,0,0.058752941,0,0,1,2,2,2,0,1,0,3,2,2,0,0,2,2,2,0,0,4,0,0,50.93,64.29,64.29,61.67,61.67,55.77,55.77,100,100,15,0,0.005,-3.15,pos,0.058752941,0,PoP2,0,18494,293,0.063751094,0.121011728,0.160298433,0.140651431,0.169694416,0.160717718,0,0.004
21/8/2020,0,0.126906502,0,0,1,2,2,2,0,1,0,3,2,2,0,0,2,2,2,0,0,4,0,0,50.93,64.29,64.29,61.67,61.67,55.77,55.77,100,100,18,0,0.005,-3.15,pos,0.126906502,0,PoP2,0,18495,294,0.126906502,0.058752941,0.121011728,0.160298433,0.140651431,0.169694416,0,0.005
22/8/2020,0,0.142449109,0,0,1,2,2,2,0,1,0,3,2,2,0,0,2,2,2,0,0,4,0,0,50.93,64.29,64.29,61.67,61.67,55.77,55.77,100,100,31,0,0.005,-3.15,pos,0.142449109,0,PoP2,0,18496,295,0.142449109,0.126906502,0.058752941,0.121011728,0.160298433,0.140651431,0,0.005
23/8/2020,0,0.250856174,0,0,1,2,2,2,0,1,0,3,2,2,0,0,2,2,2,0,0,4,0,0,50.93,64.29,64.29,61.67,61.67,55.77,55.77,100,100,21,0,0.005,-3.15,pos,0.250856174,0,PoP2,0,18497,296,0.250856174,0.142449109,0.126906502,0.058752941,0.121011728,0.160298433,0,0.005
24/8/2020,0,0.190346168,0,0,1,2,2,2,0,1,0,3,2,2,0,0,2,2,2,0,0,4,0,0,50.93,64.29,64.29,61.67,61.67,55.77,55.77,100,100,12,0,0.006,-3.15,pos,0.190346168,0,PoP2,0,18498,297,0.190346168,0.250856174,0.142449109,0.126906502,0.058752941,0.121011728,0,0.005
25/8/2020,0,0.178605044,0,0,1,2,2,2,0,1,0,3,2,2,0,0,2,2,2,0,0,4,0,0,50.93,64.29,64.29,61.67,61.67,55.77,55.77,100,100,15,0,0.005,-3.15,pos,0.178605044,0,PoP2,0,18499,298,0.178605044,0.190346168,0.250856174,0.142449109,0.126906502,0.058752941,0,0.006
26/8/2020,0,0.152214675,0,0,1,2,2,2,0,1,0,3,2,2,0,0,2,2,2,0,0,4,0,0,50.93,64.29,64.29,61.67,61.67,55.77,55.77,100,100,11,0,0.004,-3.15,pos,0.152214675,0,PoP2,0,18500,299,0.152214675,0.178605044,0.190346168,0.250856174,0.142449109,0.126906502,0,0.005
27/8/2020,0,0.128919573,0,0,1,2,2,2,0,1,0,3,2,2,0,0,2,2,2,0,0,4,0,0,50.93,64.29,64.29,61.67,61.67,55.77,55.77,100,100,20,0,0.003,-3.15,pos,0.128919573,0,PoP2,0,18501,300,0.128919573,0.152214675,0.178605044,0.190346168,0.250856174,0.142449109,0,0.004
28/8/2020,0,0.265761504,0,0,1,2,2,2,0,1,0,3,2,2,0,0,2,2,2,0,0,4,0,0,50.93,64.29,64.29,61.67,61.67,55.77,55.77,100,100,15,0,0.003,-3.15,pos,0.265761504,0,PoP2,0,18502,301,0.265761504,0.128919573,0.152214675,0.178605044,0.190346168,0.250856174,0,0.003
29/8/2020,0,0.218992623,0,0,1,2,2,2,0,1,0,3,2,2,0,0,2,2,2,0,0,4,0,0,50.93,64.29,64.29,61.67,61.67,55.77,55.77,100,100,15,0,0.002,-3.15,pos,0.218992623,0,PoP2,0,18503,302,0.218992623,0.265761504,0.128919573,0.152214675,0.178605044,0.190346168,0,0.003
30/8/2020,0,0.119767068,0,0,1,2,2,2,0,1,0,3,2,2,0,0,2,2,2,0,0,4,0,0,50.93,64.29,64.29,61.67,61.67,55.77,55.77,100,100,27,0,0.002,-3.15,pos,0.119767068,0,PoP2,0,18504,303,0.119767068,0.218992623,0.265761504,0.128919573,0.152214675,0.178605044,0,0.002
31/8/2020,0,0.073772308,0,0,1,2,2,2,0,1,0,3,2,2,0,0,2,2,2,0,0,4,0,0,50.93,64.29,64.29,61.67,61.67,55.77,55.77,100,100,23,0,0.002,-3.15,pos,0.073772308,0,PoP2,0,18505,304,0.073772308,0.119767068,0.218992623,0.265761504,0.128919573,0.152214675,0,0.002
1/9/2020,0,0.162501133,0,0,1,2,2,2,0,1,0,3,2,2,0,0,2,2,2,0,0,4,0,0,50.93,64.29,64.29,61.67,61.67,55.77,55.77,100,100,19,0,0.002,2.22,pos,0.162501133,0,PoP2,0,18506,305,0.162501133,0.073772308,0.119767068,0.218992623,0.265761504,0.128919573,0,0.002
2/9/2020,0,0.165099972,0,0,1,2,2,2,0,1,0,3,2,2,0,0,2,2,2,0,0,4,0,0,50.93,64.29,64.29,61.67,61.67,55.77,55.77,100,100,10,0,0.002,2.22,pos,0.165099972,0,PoP2,0,18507,306,0.165099972,0.162501133,0.073772308,0.119767068,0.218992623,0.265761504,0,0.002
3/9/2020,0,0.209509966,0,0,1,2,2,2,0,1,0,3,2,2,0,0,2,2,2,0,0,4,0,0,50.93,64.29,64.29,61.67,61.67,55.77,55.77,100,100,6,0,0.002,2.22,pos,0.209509966,0,PoP2,0,18508,307,0.209509966,0.165099972,0.162501133,0.073772308,0.119767068,0.218992623,0,0.002
4/9/2020,0,0.161886654,0,0,1,2,2,2,0,1,0,3,2,2,0,0,2,2,2,0,0,4,0,0,50.93,64.29,64.29,61.67,61.67,55.77,55.77,100,100,12,0,0.002,2.22,pos,0.161886654,0,PoP2,0,18509,308,0.161886654,0.209509966,0.165099972,0.162501133,0.073772308,0.119767068,0,0.002
5/9/2020,0,0.235115802,0,0,1,2,2,2,0,1,0,3,2,2,0,0,2,2,2,0,0,4,0,0,50.93,64.29,64.29,61.67,61.67,55.77,55.77,100,100,7,0,0.001,2.22,pos,0.235115802,0,PoP2,0,18510,309,0.235115802,0.161886654,0.209509966,0.165099972,0.162501133,0.073772308,0,0.002
6/9/2020,0,0.120931818,0,0,1,2,2,2,0,1,0,3,2,2,0,0,2,2,2,0,0,4,0,0,50.93,64.29,64.29,61.67,61.67,55.77,55.77,100,100,11,0,0.001,2.22,pos,0.120931818,0,PoP2,0,18511,310,0.120931818,0.235115802,0.161886654,0.209509966,0.165099972,0.162501133,0,0.001
7/9/2020,0,0.226027208,0,0,1,2,2,2,0,1,0,3,2,2,0,0,2,2,2,0,0,4,0,0,50.93,64.29,64.29,61.67,61.67,55.77,55.77,100,100,10,0,0.001,2.22,pos,0.226027208,0,PoP2,0,18512,311,0.226027208,0.120931818,0.235115802,0.161886654,0.209509966,0.165099972,0,0.001
8/9/2020,0,0.066280098,0,0,1,2,2,2,0,1,0,3,2,2,0,0,2,2,2,0,0,4,0,0,50.93,64.29,64.29,61.67,61.67,55.77,55.77,100,100,9,0,0.001,2.22,pos,0.066280098,0,PoP2,0,18513,312,0.066280098,0.226027208,0.120931818,0.235115802,0.161886654,0.209509966,0,0.001
9/9/2020,0,0.083152323,0,0,1,2,2,2,0,1,0,3,2,2,0,0,2,2,2,0,0,4,0,0,50.93,64.29,64.29,61.67,61.67,55.77,55.77,100,100,10,0,0.001,2.22,pos,0.083152323,0,PoP2,0,18514,313,0.083152323,0.066280098,0.226027208,0.120931818,0.235115802,0.161886654,0,0.001
10/9/2020,0,0.103646074,0,0,1,2,2,2,0,1,0,3,2,2,0,0,2,2,2,0,0,4,0,0,50.93,64.29,64.29,61.67,61.67,55.77,55.77,100,100,7,0,0.002,2.22,pos,0.103646074,0,PoP2,0,18515,314,0.103646074,0.083152323,0.066280098,0.226027208,0.120931818,0.235115802,0,0.001
11/9/2020,0,0.220980851,0,0,1,2,2,2,0,1,0,3,2,2,0,0,2,2,2,0,0,4,0,0,50.93,64.29,64.29,61.67,61.67,55.77,55.77,100,100,10,0,0.002,2.22,pos,0.220980851,0,PoP2,0,18516,315,0.220980851,0.103646074,0.083152323,0.066280098,0.226027208,0.120931818,0,0.002
12/9/2020,0,0.201152632,0,0,1,2,2,2,0,1,0,3,2,2,0,0,2,2,2,0,0,4,0,0,50.93,64.29,64.29,61.67,61.67,55.77,55.77,100,100,4,0,0.002,2.22,pos,0.201152632,0,PoP2,0,18517,316,0.201152632,0.220980851,0.103646074,0.083152323,0.066280098,0.226027208,0,0.002
13/9/2020,0,0.199174324,0,0,1,2,2,2,0,1,0,3,2,2,0,0,2,2,2,0,0,4,0,0,50.93,64.29,64.29,61.67,61.67,55.77,55.77,100,100,4,0,0.002,2.22,pos,0.199174324,0,PoP2,0,18518,317,0.199174324,0.201152632,0.220980851,0.103646074,0.083152323,0.066280098,0,0.002
14/9/2020,0,0.258294737,0,0,1,2,2,2,0,1,0,3,2,2,0,0,2,2,2,0,0,4,0,0,50.93,64.29,64.29,61.67,61.67,55.77,55.77,100,100,48,0,0.002,2.22,pos,0.258294737,0,PoP2,0,18519,318,0.258294737,0.199174324,0.201152632,0.220980851,0.103646074,0.083152323,0,0.002
15/9/2020,0,0.076384493,0,0,1,2,2,2,0,1,0,3,2,2,0,0,2,2,2,0,0,4,0,0,50.93,64.29,64.29,61.67,61.67,55.77,55.77,100,100,34,0,0.002,2.22,pos,0.076384493,0,PoP2,0,18520,319,0.076384493,0.258294737,0.199174324,0.201152632,0.220980851,0.103646074,0,0.002
16/9/2020,0,0.084529858,0,0,1,2,2,2,0,1,0,3,2,2,0,0,2,2,2,0,0,4,0,0,50.93,64.29,64.29,61.67,61.67,55.77,55.77,100,100,27,0,0.002,2.22,pos,0.084529858,0,PoP2,0,18521,320,0.084529858,0.076384493,0.258294737,0.199174324,0.201152632,0.220980851,0,0.002
17/9/2020,0,0.137790313,0,0,1,2,2,2,0,1,0,3,2,2,0,0,2,2,2,0,0,4,0,0,50.93,64.29,64.29,61.67,61.67,55.77,55.77,100,100,18,0,0.002,2.22,pos,0.137790313,0,PoP2,0,18522,321,0.137790313,0.084529858,0.076384493,0.258294737,0.199174324,0.201152632,0,0.002
18/9/2020,0,0.111684298,0,0,1,2,2,2,0,1,0,3,2,2,0,0,2,2,2,0,0,4,0,0,50.93,64.29,64.29,61.67,61.67,55.77,55.77,100,100,11,0,0.001,2.22,pos,0.111684298,0,PoP2,0,18523,322,0.111684298,0.137790313,0.084529858,0.076384493,0.258294737,0.199174324,0,0.002
19/9/2020,0,0.106192568,0,0,1,2,2,2,0,1,0,3,2,2,0,0,2,2,2,0,0,4,0,0,50.93,64.29,64.29,61.67,61.67,55.77,55.77,100,100,15,0,0.001,2.22,pos,0.106192568,0,PoP2,0,18524,323,0.106192568,0.111684298,0.137790313,0.084529858,0.076384493,0.258294737,0,0.001
20/9/2020,0,0.253490465,0,0,1,2,2,2,0,1,0,3,2,2,0,0,2,2,2,0,0,4,0,0,50.93,64.29,64.29,61.67,61.67,55.77,55.77,100,100,18,0,0.001,2.22,pos,0.253490465,0,PoP2,0,18525,324,0.253490465,0.106192568,0.111684298,0.137790313,0.084529858,0.076384493,0,0.001
21/9/2020,0,0.266132238,0,0,1,2,2,2,0,1,0,3,2,2,0,0,2,2,2,0,0,4,0,0,50.93,64.29,64.29,61.67,61.67,55.77,55.77,100,100,31,0,0.001,2.22,pos,0.266132238,0,PoP2,0,18526,325,0.266132238,0.253490465,0.106192568,0.111684298,0.137790313,0.084529858,0,0.001
22/9/2020,0,0.260395775,0,0,1,2,2,2,0,1,0,3,2,2,0,0,2,2,2,0,0,4,0,0,50.93,64.29,64.29,61.67,61.67,55.77,55.77,100,100,21,0,0.001,2.22,pos,0.260395775,0,PoP2,0,18527,326,0.260395775,0.266132238,0.253490465,0.106192568,0.111684298,0.137790313,0,0.001
23/9/2020,0,0.15385655,0,0,1,2,2,2,0,1,0,3,2,2,0,0,2,2,2,0,0,4,0,0,50.93,64.29,64.29,61.67,61.67,55.77,55.77,100,100,12,0,0.001,2.22,pos,0.15385655,0,PoP2,0,18528,327,0.15385655,0.260395775,0.266132238,0.253490465,0.106192568,0.111684298,0,0.001
24/9/2020,0,0.199979941,0,0,1,2,2,2,0,1,0,3,2,2,0,0,2,2,2,0,0,4,0,0,50.93,64.29,64.29,61.67,61.67,55.77,55.77,100,100,15,0,0.001,2.22,pos,0.199979941,0,PoP2,0,18529,328,0.199979941,0.15385655,0.260395775,0.266132238,0.253490465,0.106192568,0,0.001
25/9/2020,0,0.159439437,0,0,1,2,2,2,0,1,0,3,2,2,0,0,2,2,2,0,0,4,0,0,50.93,64.29,64.29,61.67,61.67,55.77,55.77,100,100,11,0,0.001,2.22,pos,0.159439437,0,PoP2,0,18530,329,0.159439437,0.199979941,0.15385655,0.260395775,0.266132238,0.253490465,0,0.001
26/9/2020,0,0.163539738,0,0,1,2,2,2,0,1,0,3,2,2,0,0,2,2,2,0,0,4,0,0,50.93,64.29,64.29,61.67,61.67,55.77,55.77,100,100,20,0,0.001,2.22,pos,0.163539738,0,PoP2,0,18531,330,0.163539738,0.159439437,0.199979941,0.15385655,0.260395775,0.266132238,0,0.001
27/9/2020,0,0.118547566,0,0,1,2,2,2,0,1,0,3,2,2,0,0,2,2,2,0,0,4,0,0,50.93,64.29,64.29,61.67,61.67,55.77,55.77,100,100,15,0,0.001,2.22,pos,0.118547566,0,PoP2,0,18532,331,0.118547566,0.163539738,0.159439437,0.199979941,0.15385655,0.260395775,0,0.001
28/9/2020,0,0.010377016,0,0,1,2,2,2,0,1,0,3,2,2,0,0,2,2,2,0,0,4,0,0,50.93,64.29,64.29,61.67,61.67,55.77,55.77,100,100,15,0,0.001,2.22,pos,0.010377016,0,PoP2,0,18533,332,0.063751094,0.118547566,0.163539738,0.159439437,0.199979941,0.15385655,0,0.001
29/9/2020,0,0.074506369,0,0,1,2,2,2,0,1,0,3,2,2,0,0,2,2,2,0,0,4,0,0,50.93,64.29,64.29,61.67,61.67,55.77,55.77,100,100,27,0,0.001,2.22,pos,0.074506369,0,PoP2,0,18534,333,0.074506369,0.010377016,0.118547566,0.163539738,0.159439437,0.199979941,0,0.001
30/9/2020,0,0.099915054,0,0,1,2,2,2,0,1,0,3,2,2,0,0,2,2,2,0,0,4,0,0,50.93,64.29,64.29,61.67,61.67,55.77,55.77,100,100,23,0,0.001,2.22,pos,0.099915054,0,PoP2,0,18535,334,0.099915054,0.074506369,0.010377016,0.118547566,0.163539738,0.159439437,0,0.001
1/10/2020,0,0.422088012,0,0,1,2,1,2,0,1,0,3,2,2,0,0,2,2,2,0,0,4,0,0,45.37,59.52,59.52,58.33,58.33,51.92,51.92,100,100,19,0,0.001,2.22,pos,0.422088012,0,PoP2,0,18536,335,0.422088012,0.099915054,0.074506369,0.010377016,0.118547566,0.163539738,0,0.001
2/10/2020,0,0.204978571,0,0,1,2,1,2,0,1,0,3,2,2,0,0,2,2,2,0,0,4,0,0,45.37,59.52,59.52,58.33,58.33,51.92,51.92,100,100,10,0,0.001,2.22,pos,0.204978571,0,PoP2,0,18537,336,0.204978571,0.422088012,0.099915054,0.074506369,0.010377016,0.118547566,0,0.001
3/10/2020,0,0.29242844,0,0,1,2,1,2,0,1,0,3,2,2,0,0,2,2,2,0,0,4,0,0,45.37,59.52,59.52,58.33,58.33,51.92,51.92,100,100,6,0,0.001,2.22,pos,0.29242844,0,PoP2,0,18538,337,0.29242844,0.204978571,0.422088012,0.099915054,0.074506369,0.010377016,0,0.001
4/10/2020,0,0.38348806,0,0,1,2,1,2,0,1,0,3,2,2,0,0,2,2,2,0,0,4,0,0,45.37,59.52,59.52,58.33,58.33,51.92,51.92,100,100,12,0,0.001,2.22,pos,0.38348806,0,PoP2,0,18539,338,0.38348806,0.29242844,0.204978571,0.422088012,0.099915054,0.074506369,0,0.001
5/10/2020,0,0.424719718,0,0,1,2,1,2,0,1,0,3,2,2,0,0,2,2,2,0,0,4,0,0,45.37,59.52,59.52,58.33,58.33,51.92,51.92,100,100,7,0,0.001,2.22,pos,0.424719718,0,PoP2,0,18540,339,0.424719718,0.38348806,0.29242844,0.204978571,0.422088012,0.099915054,0,0.001
6/10/2020,0,0.423405556,0,0,1,2,1,2,0,1,0,3,2,2,0,0,2,2,2,0,0,4,0,0,45.37,59.52,59.52,58.33,58.33,51.92,51.92,100,100,11,0,0.001,2.22,pos,0.423405556,0,PoP2,0,18541,340,0.423405556,0.424719718,0.38348806,0.29242844,0.204978571,0.422088012,0,0.001
7/10/2020,0,0.277509677,0,0,1,2,1,2,0,1,0,3,2,2,0,0,2,2,2,0,0,4,0,0,45.37,59.52,59.52,58.33,58.33,51.92,51.92,100,100,10,0,0,2.22,pos,0.277509677,0,PoP2,0,18542,341,0.277509677,0.423405556,0.424719718,0.38348806,0.29242844,0.204978571,0,0.001
8/10/2020,0,0.408061039,0,0,1,2,1,2,0,1,0,3,2,2,0,0,2,2,2,0,0,4,0,0,45.37,59.52,59.52,58.33,58.33,51.92,51.92,100,100,9,0,0,2.22,pos,0.408061039,0,PoP2,0,18543,342,0.408061039,0.277509677,0.423405556,0.424719718,0.38348806,0.29242844,0,0
9/10/2020,0,0.485430588,0,0,1,2,1,2,0,1,0,3,2,2,0,0,2,2,2,0,0,4,0,0,45.37,59.52,59.52,58.33,58.33,51.92,51.92,100,100,10,0,0,2.22,pos,0.485430588,0,PoP2,0,18544,343,0.485430588,0.408061039,0.277509677,0.423405556,0.424719718,0.38348806,0,0
10/10/2020,0,0.508136539,0,0,1,2,1,2,0,1,0,3,2,2,0,0,2,2,2,0,0,4,0,0,45.37,59.52,59.52,58.33,58.33,51.92,51.92,100,100,7,0,0,2.22,pos,0.508136539,0,PoP2,0,18545,344,0.507455228,0.485430588,0.408061039,0.277509677,0.423405556,0.424719718,0,0
11/10/2020,0,0.216493686,0,0,1,2,1,2,0,1,0,3,2,2,0,0,2,2,2,0,0,4,0,0,45.37,59.52,59.52,58.33,58.33,51.92,51.92,100,100,10,0,0,2.22,pos,0.216493686,0,PoP2,0,18546,345,0.216493686,0.508136539,0.485430588,0.408061039,0.277509677,0.423405556,0,0
12/10/2020,0,0.187429276,0,0,1,2,1,2,0,1,0,3,2,2,0,0,2,2,2,0,0,4,0,0,45.37,59.52,59.52,58.33,58.33,51.92,51.92,100,100,4,0,0,2.22,pos,0.187429276,0,PoP2,0,18547,346,0.187429276,0.216493686,0.508136539,0.485430588,0.408061039,0.277509677,0,0
13/10/2020,0,0.195566546,0,0,1,2,1,2,0,1,0,3,2,2,0,0,2,2,2,0,0,4,0,0,45.37,59.52,59.52,58.33,58.33,51.92,51.92,100,100,4,1,0,2.22,pos,0.195566546,0,PoP2,0,18548,347,0.195566546,0.187429276,0.216493686,0.508136539,0.485430588,0.408061039,0,0
14/10/2020,0,0.21657655,0,0,1,2,1,2,0,1,0,3,2,2,0,0,2,2,2,0,0,4,0,0,45.37,59.52,59.52,58.33,58.33,51.92,51.92,100,100,5,0,0,2.22,pos,0.21657655,0,PoP2,0,18549,348,0.21657655,0.195566546,0.187429276,0.216493686,0.508136539,0.485430588,1,0
15/10/2020,0,0.131163382,0,0,1,2,1,2,0,1,0,3,2,2,0,0,2,2,2,0,0,4,0,0,45.37,59.52,59.52,58.33,58.33,51.92,51.92,100,100,3,0,0,2.22,pos,0.131163382,0,PoP2,0,18550,349,0.131163382,0.21657655,0.195566546,0.187429276,0.216493686,0.508136539,0,0
16/10/2020,0,0.417934935,0,0,1,2,1,2,0,1,0,3,2,2,0,0,2,2,2,0,0,4,0,0,45.37,59.52,59.52,58.33,58.33,51.92,51.92,100,100,9,0,0,2.22,pos,0.417934935,0,PoP2,0,18551,350,0.417934935,0.131163382,0.21657655,0.195566546,0.187429276,0.216493686,0,0
17/10/2020,0,0.178942079,0,0,1,2,1,2,0,1,0,3,2,2,0,0,2,2,2,0,0,4,0,0,45.37,59.52,59.52,58.33,58.33,51.92,51.92,100,100,3,0,0,2.22,pos,0.178942079,0,PoP2,0,18552,351,0.178942079,0.417934935,0.131163382,0.21657655,0.195566546,0.187429276,0,0
18/10/2020,0,0.15575829,0,0,1,2,1,2,0,1,0,3,2,2,0,0,2,2,2,0,0,4,0,0,45.37,59.52,59.52,58.33,58.33,51.92,51.92,100,100,7,0,0,2.22,pos,0.15575829,0,PoP2,0,18553,352,0.15575829,0.178942079,0.417934935,0.131163382,0.21657655,0.195566546,0,0
19/10/2020,0,0.156809827,0,0,1,2,1,2,0,1,0,3,2,2,0,0,2,2,2,0,0,4,0,0,45.37,59.52,59.52,58.33,58.33,51.92,51.92,100,100,4,0,0,2.22,pos,0.156809827,0,PoP2,0,18554,353,0.156809827,0.15575829,0.178942079,0.417934935,0.131163382,0.21657655,0,0
20/10/2020,0,0.291879839,0,0,1,2,1,2,0,1,0,3,2,2,0,0,2,2,2,0,0,4,0,0,45.37,59.52,59.52,58.33,58.33,51.92,51.92,100,100,6,0,0,2.22,pos,0.291879839,0,PoP2,0,18555,354,0.291879839,0.156809827,0.15575829,0.178942079,0.417934935,0.131163382,0,0
21/10/2020,0,0.01218963,0,0,1,2,1,2,0,1,0,3,2,2,0,0,2,2,2,0,0,4,0,0,45.37,59.52,59.52,58.33,58.33,51.92,51.92,100,100,12,0,0,2.22,pos,0.01218963,0,PoP2,0,18556,355,0.063751094,0.291879839,0.156809827,0.15575829,0.178942079,0.417934935,0,0
22/10/2020,0,0.223742484,0,0,1,2,1,2,0,1,0,3,2,2,0,0,2,2,2,0,0,4,0,0,45.37,59.52,59.52,58.33,58.33,51.92,51.92,100,100,8,0,0,2.22,pos,0.223742484,0,PoP2,0,18557,356,0.223742484,0.01218963,0.291879839,0.156809827,0.15575829,0.178942079,0,0
23/10/2020,0,0.189963968,0,0,1,2,1,2,0,1,0,3,2,2,0,0,2,2,2,0,0,4,0,0,45.37,59.52,59.52,58.33,58.33,51.92,51.92,100,100,10,0,0,2.22,pos,0.189963968,0,PoP2,0,18558,357,0.189963968,0.223742484,0.01218963,0.291879839,0.156809827,0.15575829,0,0
24/10/2020,0,0.231077368,0,0,1,2,1,2,0,1,0,3,2,2,0,0,2,2,2,0,0,4,0,0,45.37,59.52,59.52,58.33,58.33,51.92,51.92,100,100,14,0,0,2.22,pos,0.231077368,0,PoP2,0,18559,358,0.231077368,0.189963968,0.223742484,0.01218963,0.291879839,0.156809827,0,0
25/10/2020,0,0.182734389,0,0,1,2,1,2,0,1,0,3,2,2,0,0,2,2,2,0,0,4,0,0,45.37,59.52,59.52,58.33,58.33,51.92,51.92,100,100,5,0,0,2.22,pos,0.182734389,0,PoP2,0,18560,359,0.182734389,0.231077368,0.189963968,0.223742484,0.01218963,0.291879839,0,0
26/10/2020,0,0.135672326,0,0,1,2,1,2,0,1,0,3,2,2,0,0,2,2,2,0,0,4,0,0,45.37,59.52,59.52,58.33,58.33,51.92,51.92,100,100,3,0,0,2.22,pos,0.135672326,0,PoP2,0,18561,360,0.135672326,0.182734389,0.231077368,0.189963968,0.223742484,0.01218963,0,0
27/10/2020,0,0.136346888,0,0,1,2,1,2,0,1,0,3,2,2,0,0,2,2,2,0,0,4,0,0,45.37,59.52,59.52,58.33,58.33,51.92,51.92,100,100,7,0,0,2.22,pos,0.136346888,0,PoP2,0,18562,361,0.136346888,0.135672326,0.182734389,0.231077368,0.189963968,0.223742484,0,0
28/10/2020,0,0.341466861,0,0,1,2,1,2,0,1,0,3,2,2,0,0,2,2,2,0,0,4,0,0,45.37,59.52,59.52,58.33,58.33,51.92,51.92,100,100,7,0,0,2.22,pos,0.341466861,0,PoP2,0,18563,362,0.341466861,0.136346888,0.135672326,0.182734389,0.231077368,0.189963968,0,0
29/10/2020,0,0.195306516,0,0,1,2,1,2,0,1,0,3,2,2,0,0,2,2,2,0,0,4,0,0,45.37,59.52,59.52,58.33,58.33,51.92,51.92,100,100,7,0,0,2.22,pos,0.195306516,0,PoP2,0,18564,363,0.195306516,0.341466861,0.136346888,0.135672326,0.182734389,0.231077368,0,0
30/10/2020,0,0.249868389,0,0,1,2,1,2,0,1,0,3,2,2,0,0,2,2,2,0,0,4,0,0,45.37,59.52,59.52,58.33,58.33,51.92,51.92,100,100,9,0,0,2.22,pos,0.249868389,0,PoP2,0,18565,364,0.249868389,0.195306516,0.341466861,0.136346888,0.135672326,0.182734389,0,0
31/10/2020,0,0.14889811,0,0,1,2,1,2,0,1,0,3,2,2,0,0,2,2,2,0,0,4,0,0,45.37,59.52,59.52,58.33,58.33,51.92,51.92,100,100,12,0,0,2.22,pos,0.14889811,0,PoP2,0,18566,365,0.14889811,0.249868389,0.195306516,0.341466861,0.136346888,0.135672326,0,0
1/11/2020,0,0.234389462,0,0,1,2,1,2,0,1,0,3,2,2,0,0,2,2,2,0,0,4,0,0,45.37,59.52,59.52,58.33,58.33,51.92,51.92,100,100,4,0,0,2.22,pos,0.234389462,0,PoP2,0,18567,366,0.234389462,0.14889811,0.249868389,0.195306516,0.341466861,0.136346888,0,0
2/11/2020,0,0.098961982,0,0,1,2,1,2,0,1,0,3,2,2,0,0,2,2,2,0,0,4,0,0,45.37,59.52,59.52,58.33,58.33,51.92,51.92,100,100,1,0,0,2.22,pos,0.098961982,0,PoP2,0,18568,367,0.098961982,0.234389462,0.14889811,0.249868389,0.195306516,0.341466861,0,0
3/11/2020,0,0.278652352,0,0,1,2,1,2,0,1,0,3,2,2,0,0,2,2,2,0,0,4,0,0,45.37,59.52,59.52,58.33,58.33,51.92,51.92,100,100,9,0,0,2.22,pos,0.278652352,0,PoP2,0,18569,368,0.278652352,0.098961982,0.234389462,0.14889811,0.249868389,0.195306516,0,0
4/11/2020,0,0.159174314,0,0,1,2,1,2,0,1,0,3,2,2,0,0,2,2,2,0,0,4,0,0,45.37,59.52,59.52,58.33,58.33,51.92,51.92,100,100,7,0,0,2.22,pos,0.159174314,0,PoP2,0,18570,369,0.159174314,0.278652352,0.098961982,0.234389462,0.14889811,0.249868389,0,0
5/11/2020,0,0.170860704,0,0,1,2,1,2,0,1,0,3,2,2,0,0,2,2,2,0,0,4,0,0,45.37,59.52,59.52,58.33,58.33,51.92,51.92,100,100,7,0,0,2.22,pos,0.170860704,0,PoP2,0,18571,370,0.170860704,0.159174314,0.278652352,0.098961982,0.234389462,0.14889811,0,0
6/11/2020,0,0.109940544,0,0,1,2,1,2,0,1,0,3,2,2,0,0,2,2,2,0,0,4,0,0,45.37,59.52,59.52,58.33,58.33,51.92,51.92,100,100,4,0,0,2.22,pos,0.109940544,0,PoP2,0,18572,371,0.109940544,0.170860704,0.159174314,0.278652352,0.098961982,0.234389462,0,0
7/11/2020,0,0.115931445,0,0,1,2,1,2,0,1,0,3,2,2,0,0,2,2,2,0,0,4,0,0,45.37,59.52,59.52,58.33,58.33,51.92,51.92,100,100,7,0,0,2.22,pos,0.115931445,0,PoP2,0,18573,372,0.115931445,0.109940544,0.170860704,0.159174314,0.278652352,0.098961982,0,0
8/11/2020,0,0.375741062,0,0,1,2,1,2,0,1,0,3,2,2,0,0,2,2,2,0,0,4,0,0,45.37,59.52,59.52,58.33,58.33,51.92,51.92,100,100,2,0,0,2.22,pos,0.375741062,0,PoP2,0,18574,373,0.375741062,0.115931445,0.109940544,0.170860704,0.159174314,0.278652352,0,0
9/11/2020,0,0.191775042,0,0,1,2,1,2,0,1,0,3,2,2,0,0,2,2,2,0,0,4,0,0,45.37,59.52,59.52,58.33,58.33,51.92,51.92,100,100,8,0,0,2.22,pos,0.191775042,0,PoP2,0,18575,374,0.191775042,0.375741062,0.115931445,0.109940544,0.170860704,0.159174314,0,0
10/11/2020,0,0.091359492,0,0,1,2,1,2,0,1,0,3,2,2,0,0,2,2,2,0,0,4,0,0,45.37,59.52,59.52,58.33,58.33,51.92,51.92,100,100,9,0,0,2.22,pos,0.091359492,0,PoP2,0,18576,375,0.091359492,0.191775042,0.375741062,0.115931445,0.109940544,0.170860704,0,0
11/11/2020,0,0.153939744,0,0,1,2,1,2,0,1,0,3,2,2,0,0,2,2,2,0,0,4,0,0,45.37,59.52,59.52,58.33,58.33,51.92,51.92,100,100,18,0,0,2.22,pos,0.153939744,0,PoP2,0,18577,376,0.153939744,0.091359492,0.191775042,0.375741062,0.115931445,0.109940544,0,0
12/11/2020,0,0.233989618,0,0,1,2,1,2,0,1,0,3,2,2,0,0,2,2,2,0,0,4,0,0,45.37,59.52,59.52,58.33,58.33,51.92,51.92,100,100,11,0,0,2.22,pos,0.233989618,0,PoP2,0,18578,377,0.233989618,0.153939744,0.091359492,0.191775042,0.375741062,0.115931445,0,0
13/11/2020,0,0.225425807,0,0,1,2,1,2,0,1,0,3,2,2,0,0,2,2,2,0,0,4,0,0,45.37,59.52,59.52,58.33,58.33,51.92,51.92,100,100,12,0,0,2.22,pos,0.225425807,0,PoP2,0,18579,378,0.225425807,0.233989618,0.153939744,0.091359492,0.191775042,0.375741062,0,0
14/11/2020,0,0.381307502,0,0,1,2,1,2,0,1,0,3,2,2,0,0,2,2,2,0,0,4,0,0,45.37,59.52,59.52,58.33,58.33,51.92,51.92,100,100,2,0,0,2.22,pos,0.381307502,0,PoP2,0,18580,379,0.381307502,0.225425807,0.233989618,0.153939744,0.091359492,0.191775042,0,0
15/11/2020,0,0.201864944,0,0,1,2,1,2,0,1,0,3,2,2,0,0,2,2,2,0,0,4,0,0,45.37,59.52,59.52,58.33,58.33,51.92,51.92,100,100,3,0,0,2.22,pos,0.201864944,0,PoP2,0,18581,380,0.201864944,0.381307502,0.225425807,0.233989618,0.153939744,0.091359492,0,0
16/11/2020,0,0.087581782,0,0,1,2,1,2,0,1,0,3,2,2,0,0,2,2,2,0,0,4,0,0,45.37,59.52,59.52,58.33,58.33,51.92,51.92,100,100,5,0,0,2.22,pos,0.087581782,0,PoP2,0,18582,381,0.087581782,0.201864944,0.381307502,0.225425807,0.233989618,0.153939744,0,0
17/11/2020,0,0.201079574,0,0,1,2,1,2,0,1,0,3,2,2,0,0,2,2,2,0,0,4,0,0,45.37,59.52,59.52,58.33,58.33,51.92,51.92,100,100,6,0,0,2.22,pos,0.201079574,0,PoP2,0,18583,382,0.201079574,0.087581782,0.201864944,0.381307502,0.225425807,0.233989618,0,0
18/11/2020,0,0.228840689,0,0,1,2,1,2,0,1,0,3,2,2,0,0,2,2,2,0,0,4,0,0,45.37,59.52,59.52,58.33,58.33,51.92,51.92,100,100,5,0,0,2.22,pos,0.228840689,0,PoP2,0,18584,383,0.228840689,0.201079574,0.087581782,0.201864944,0.381307502,0.225425807,0,0
19/11/2020,0,0.158100367,0,0,1,2,1,2,0,1,0,3,2,2,0,0,2,2,2,0,0,4,0,0,45.37,59.52,59.52,58.33,58.33,51.92,51.92,100,100,4,0,0,2.22,pos,0.158100367,0,PoP2,0,18585,384,0.158100367,0.228840689,0.201079574,0.087581782,0.201864944,0.381307502,0,0
20/11/2020,0,0.160016044,0,0,1,2,1,2,0,1,0,3,2,2,0,0,2,2,2,0,0,4,0,0,45.37,59.52,59.52,58.33,58.33,51.92,51.92,100,100,4,0,0,2.22,pos,0.160016044,0,PoP2,0,18586,385,0.160016044,0.158100367,0.228840689,0.201079574,0.087581782,0.201864944,0,0
21/11/2020,0,0.217895751,0,0,1,2,1,2,0,1,0,3,2,2,0,0,2,2,2,0,0,4,0,0,45.37,59.52,59.52,58.33,58.33,51.92,51.92,100,100,5,0,0,2.22,pos,0.217895751,0,PoP2,0,18587,386,0.217895751,0.160016044,0.158100367,0.228840689,0.201079574,0.087581782,0,0
22/11/2020,0,0.090171403,0,0,1,2,1,2,0,1,0,3,2,2,0,0,2,2,2,0,0,4,0,0,45.37,59.52,59.52,58.33,58.33,51.92,51.92,100,100,12,0,0,2.22,pos,0.090171403,0,PoP2,0,18588,387,0.090171403,0.217895751,0.160016044,0.158100367,0.228840689,0.201079574,0,0
23/11/2020,0,0.129082192,0,0,1,2,1,2,0,1,0,3,2,2,0,0,2,2,2,0,0,4,0,0,45.37,59.52,59.52,58.33,58.33,51.92,51.92,100,100,5,0,0,2.22,pos,0.129082192,0,PoP2,0,18589,388,0.129082192,0.090171403,0.217895751,0.160016044,0.158100367,0.228840689,0,0
24/11/2020,0,0.118901763,0,0,1,2,1,2,0,1,0,3,2,2,0,0,2,2,2,0,0,4,0,0,45.37,59.52,59.52,58.33,58.33,51.92,51.92,100,100,18,0,0,2.22,pos,0.118901763,0,PoP2,0,18590,389,0.118901763,0.129082192,0.090171403,0.217895751,0.160016044,0.158100367,0,0
25/11/2020,0,0.306310612,0,0,1,2,1,2,0,1,0,3,2,2,0,0,2,2,2,0,0,4,0,0,45.37,59.52,59.52,58.33,58.33,51.92,51.92,100,100,7,0,0,2.22,pos,0.306310612,0,PoP2,0,18591,390,0.306310612,0.118901763,0.129082192,0.090171403,0.217895751,0.160016044,0,0
26/11/2020,0,0.122872965,0,0,1,2,1,2,0,1,0,3,2,2,0,0,2,2,2,0,0,4,0,0,45.37,59.52,59.52,58.33,58.33,51.92,51.92,100,100,5,0,0,2.22,pos,0.122872965,0,PoP2,0,18592,391,0.122872965,0.306310612,0.118901763,0.129082192,0.090171403,0.217895751,0,0
27/11/2020,0,0.188836861,0,0,1,2,1,2,0,1,0,3,2,2,0,0,2,2,2,0,0,4,0,0,45.37,59.52,59.52,58.33,58.33,51.92,51.92,100,100,4,0,0,2.22,pos,0.188836861,0,PoP2,0,18593,392,0.188836861,0.122872965,0.306310612,0.118901763,0.129082192,0.090171403,0,0
28/11/2020,0,0.111148072,0,0,1,2,1,2,0,1,0,3,2,2,0,0,2,2,2,0,0,4,0,0,45.37,59.52,59.52,58.33,58.33,51.92,51.92,100,100,6,1,0,2.22,pos,0.111148072,0,PoP2,0,18594,393,0.111148072,0.188836861,0.122872965,0.306310612,0.118901763,0.129082192,0,0
29/11/2020,0,0.157400435,0,0,1,2,1,2,0,1,0,3,2,2,0,0,2,2,2,0,0,4,0,0,45.37,59.52,59.52,58.33,58.33,51.92,51.92,100,100,8,0,0,2.22,pos,0.157400435,0,PoP2,0,18595,394,0.157400435,0.111148072,0.188836861,0.122872965,0.306310612,0.118901763,1,0
30/11/2020,0,0.090198021,0,0,1,2,1,2,0,1,0,3,2,2,0,0,2,2,2,0,0,4,0,0,45.37,59.52,59.52,58.33,58.33,51.92,51.92,100,100,5,0,0,2.22,pos,0.090198021,0,PoP2,0,18596,395,0.090198021,0.157400435,0.111148072,0.188836861,0.122872965,0.306310612,0,0
